Compound Score,Date,Media,Negative Score,Neutral Score,Positive Score,Tweet Ago,Tweet text
-0.6908,Thu Mar 22 22:44:19 +0000 2018,@BBCWorld,0.487,0.513,0.0,1,Syria war: Eastern Ghouta rebels announce ceasefire https://t.co/Thp46pBbPS
0.0,Thu Mar 22 22:34:29 +0000 2018,@BBCWorld,0.0,1.0,0.0,1,Trump replaces McMaster with Bolton https://t.co/KNg4GjKT86
-0.6705,Thu Mar 22 22:18:10 +0000 2018,@BBCWorld,0.224,0.776,0.0,1,At least half a million children are being affected by war in Ukraine's Donbass region. One woman is on a mission t‚Ä¶ https://t.co/0DzONJuOHi
0.25,Thu Mar 22 21:46:45 +0000 2018,@BBCWorld,0.099,0.755,0.146,1,"The Islamic State group destroyed their library in Mosul, but these sisters are determined to rebuild it https://t.co/RdplMbDkBd"
0.128,Thu Mar 22 21:03:07 +0000 2018,@BBCWorld,0.0,0.842,0.158,1,Sex doll 'brothel': Xdolls escapes Paris council censure https://t.co/QZM1X7drDN
0.0,Thu Mar 22 19:15:59 +0000 2018,@BBCWorld,0.0,1.0,0.0,1,Kenya payout for mother made to deliver on hospital floor https://t.co/PkFKaUlP46
0.4973,Thu Mar 22 19:15:59 +0000 2018,@BBCWorld,0.0,0.624,0.376,1,Dapchi kidnap: Government 'will not abandon' lone hostage https://t.co/E0Ltn9dRMA
0.0,Thu Mar 22 18:20:44 +0000 2018,@BBCWorld,0.0,1.0,0.0,1,Meet SoFi - the soft robot fish developed by MIT https://t.co/cDDnAX7sT3
0.5106,Thu Mar 22 18:17:09 +0000 2018,@BBCWorld,0.0,0.602,0.398,1,Viral teacher's inspirational chalkboard PC https://t.co/T84VYR5KKp
0.0,Thu Mar 22 18:15:23 +0000 2018,@BBCWorld,0.0,1.0,0.0,1,RT @bbclaurak: Tusk - EU moving trade debate tomorrow because Trump tariff announcements only just coming through
0.0,Thu Mar 22 17:26:48 +0000 2018,@BBCWorld,0.0,1.0,0.0,1,Israeli man fined for urinating on memorial at Auschwitz https://t.co/97RyykWstx
0.34,Thu Mar 22 17:20:30 +0000 2018,@BBCWorld,0.0,0.893,0.107,1,"RT @BBCSport: Ireland have been handed a big 2019 World Cup lifeline.

Victory over Afghanistan on Friday will secure them a place.

üëâ http‚Ä¶"
-0.5423,Thu Mar 22 16:59:39 +0000 2018,@BBCWorld,0.28,0.72,0.0,1,Police video shows fatal shooting of unarmed black man https://t.co/veNxSoMdLg
0.0,Thu Mar 22 16:15:47 +0000 2018,@BBCWorld,0.0,1.0,0.0,1,EU and six other countries exempted from US metals tariffs https://t.co/IGSIUW3XDz
-0.128,Thu Mar 22 15:50:31 +0000 2018,@BBCWorld,0.207,0.631,0.162,1,Donald Trump's top Russia lawyer John Dowd resigns https://t.co/zrhg8tuw8u
0.0,Thu Mar 22 15:40:24 +0000 2018,@BBCWorld,0.0,1.0,0.0,1,"Skating Lake Baikal, the world's deepest lake https://t.co/fLp0IU6jdw"
0.0,Thu Mar 22 14:55:08 +0000 2018,@BBCWorld,0.0,1.0,0.0,1,Cambridge Analytica taken to court over data storage https://t.co/98vGGTl7Tk
-0.6705,Thu Mar 22 14:54:46 +0000 2018,@BBCWorld,0.29,0.539,0.172,1,"Serving six years for killing her abusive ex-partner, Gloria Chochi is hoping for a rare pardon from the Spanish pr‚Ä¶ https://t.co/Swu1dEgJ3g"
0.1779,Thu Mar 22 14:33:39 +0000 2018,@BBCWorld,0.215,0.519,0.267,1,Ukraine arrests pilot hero Savchenko over 'coup plot' https://t.co/5VQbpFkHDM
-0.5106,Thu Mar 22 14:27:54 +0000 2018,@BBCWorld,0.248,0.752,0.0,1,Dapchi kidnap: Nigerian father's pain as daughter flies to Abuja https://t.co/5ffmh4kEY1
-0.7184,Thu Mar 22 14:22:27 +0000 2018,@BBCWorld,0.5,0.5,0.0,1,YouTube gun ban drives bloggers to PornHub https://t.co/TCcECpXlER
0.0,Thu Mar 22 14:17:41 +0000 2018,@BBCWorld,0.0,1.0,0.0,1,Dutch parliament halted as man jumps from public gallery https://t.co/tZaUQxIvNu
0.0,Thu Mar 22 14:17:41 +0000 2018,@BBCWorld,0.0,1.0,0.0,1,Cynthia Nixon and 10 other celebrities who entered politics https://t.co/kVGCHrgeZW
0.0,Thu Mar 22 13:49:56 +0000 2018,@BBCWorld,0.0,1.0,0.0,1,Nigerian girls tell of kidnap ordeal https://t.co/f4XspTaAp2
-0.6249,Thu Mar 22 13:37:39 +0000 2018,@BBCWorld,0.254,0.746,0.0,1,Meet Louis - the gorilla who walks upright to avoid getting his hands - or food - dirty. ü¶çüçÖüçÖ https://t.co/tpZfzGhMc1
-0.1531,Thu Mar 22 13:37:10 +0000 2018,@BBCWorld,0.167,0.833,0.0,1,Miss Venezuela to close temporarily over corruption claims https://t.co/eMOQoeDbtc
0.0,Thu Mar 22 13:24:26 +0000 2018,@BBCWorld,0.0,1.0,0.0,1,Austria recalls diplomat from Israel over Nazi shirt https://t.co/NesdwRc0zN
0.4854,Thu Mar 22 13:21:44 +0000 2018,@BBCWorld,0.0,0.813,0.187,1,"RT @BBC_HaveYourSay: Iran Supreme Leader Ali Khamenei is telling his people to support Iranian products, but Twitter responds with a photo‚Ä¶"
-0.3182,Thu Mar 22 13:16:07 +0000 2018,@BBCWorld,0.247,0.753,0.0,1,Iranian officials mocked for using foreign products https://t.co/akjRMAbD9U
0.2263,Thu Mar 22 12:44:28 +0000 2018,@BBCWorld,0.0,0.808,0.192,1,Tennessee grants $1 million to wrongly convicted man https://t.co/2OVUvE0UEJ
-0.1779,Thu Mar 22 12:28:36 +0000 2018,@BBCWorld,0.141,0.743,0.115,1,"RT @BBCSteveR: Commenting on the Skripal poisoning, one Russian paper today resorts to black humour:
The phone rings in Downing Street. 
-‚Ä¶"
-0.296,Thu Mar 22 11:44:32 +0000 2018,@BBCWorld,0.167,0.833,0.0,1,South Korea to shut off computers to stop people working late https://t.co/EM7AtkXQNi
0.3818,Thu Mar 22 11:20:53 +0000 2018,@BBCWorld,0.0,0.776,0.224,1,Florida school shooting students told to wear clear backpacks https://t.co/MjGowxfchq
-0.6908,Thu Mar 22 10:59:32 +0000 2018,@BBCWorld,0.416,0.584,0.0,1,Syria war: Rebels 'begin leaving key Eastern Ghouta town' https://t.co/gQ0uQjCp3l
0.0,Thu Mar 22 10:37:31 +0000 2018,@BBCWorld,0.0,1.0,0.0,1,Deadly blast at Czech chemical plant https://t.co/LROFE8ejLO
-0.4549,Thu Mar 22 10:29:12 +0000 2018,@BBCWorld,0.271,0.729,0.0,1,Uber self-driving crash: Footage shows moment before impact https://t.co/sv38LCP7ot
-0.836,Thu Mar 22 09:54:21 +0000 2018,@BBCWorld,0.53,0.47,0.0,1,Freiburg murder: Afghan jailed for life in Germany https://t.co/cqkwAQbpXw
0.0,Thu Mar 22 09:50:00 +0000 2018,@BBCWorld,0.0,1.0,0.0,1,"Curiosity rover: 2,000 days on Mars https://t.co/ZZMhZadyeC"
0.0,Thu Mar 22 09:30:17 +0000 2018,@BBCWorld,0.0,1.0,0.0,1,Dutch referendum: Spy tapping powers vote too close to call https://t.co/uIuBfhiM7M
-0.836,Thu Mar 22 09:25:17 +0000 2018,@BBCWorld,0.53,0.47,0.0,1,Eleven jailed for life over India 'beef' murder https://t.co/jubZMnEFC6
0.0,Thu Mar 22 09:25:15 +0000 2018,@BBCWorld,0.0,1.0,0.0,1,UK passports 'to be made in France after Brexit' https://t.co/pw72XL471C
-0.6249,Thu Mar 22 09:25:15 +0000 2018,@BBCWorld,0.362,0.638,0.0,1,Rebel Wilson: Australia media firms fail in defamation case bid https://t.co/q9T71wtAMU
-0.5859,Thu Mar 22 09:25:15 +0000 2018,@BBCWorld,0.324,0.676,0.0,1,Theresa May to warn EU leaders of Russian threat to democracy https://t.co/JMRLEigKZL
0.0,Thu Mar 22 08:14:29 +0000 2018,@BBCWorld,0.0,1.0,0.0,1,Nicolas Sarkozy: French ex-president says funding probe is 'hell' https://t.co/NxfvEqARLh
-0.34,Thu Mar 22 07:54:57 +0000 2018,@BBCWorld,0.231,0.769,0.0,1,'People against gun control haven't been shot at' https://t.co/6ZM0HgbR8s
0.7506,Thu Mar 22 05:58:17 +0000 2018,@BBCWorld,0.0,0.766,0.234,1,RT @SallyBundockBBC: This is the maths teacher who became an online star - Eddie Woo. Did you have an inspirational teacher at school? Comm‚Ä¶
0.5267,Thu Mar 22 02:43:49 +0000 2018,@BBCWorld,0.0,0.577,0.423,1,The vivacious fighter shaped by the favela https://t.co/dqeP0BfKQw
0.0,Thu Mar 22 02:43:47 +0000 2018,@BBCWorld,0.0,1.0,0.0,1,South Africa and the fable of the Guptas https://t.co/fmansjhVUX
-0.5859,Thu Mar 22 02:39:08 +0000 2018,@BBCWorld,0.301,0.577,0.122,1,Was Israel prepared to kill a journalist to get to Arafat? https://t.co/IglaoX5Yxw
0.0,Thu Mar 22 02:28:53 +0000 2018,@BBCWorld,0.0,1.0,0.0,1,Joseph Mifsud: The mystery professor behind Trump Russia inquiry https://t.co/zfKRRFa5rx
-0.5423,Thu Mar 22 02:28:53 +0000 2018,@BBCWorld,0.241,0.759,0.0,1,"The community of 2,000 people with 151 cases of sex crime https://t.co/XTjKgpQ0DQ"
0.0,Thu Mar 22 02:28:53 +0000 2018,@BBCWorld,0.0,1.0,0.0,1,Entrepreneurs tackling racial inequality https://t.co/t5toacASQZ
-0.9382,Thu Mar 22 02:28:53 +0000 2018,@BBCWorld,0.697,0.207,0.095,1,"Jailed for murder, Spain domestic violence victim fights for pardon https://t.co/AyaYmH5RAk"
0.0,Thu Mar 22 02:04:43 +0000 2018,@BBCWorld,0.0,1.0,0.0,1,RT @BBCNewsAsia: India has taken down the local website of Cambridge Analytica following allegations the company used personal data of 50m‚Ä¶
0.0,Thu Mar 22 02:02:51 +0000 2018,@BBCWorld,0.0,1.0,0.0,1,RT @BBCNewsAsia: The Trump administration plans to announce sanctions against China on Thursday after determining that the country is encou‚Ä¶
-0.2263,Thu Mar 22 02:02:48 +0000 2018,@BBCWorld,0.137,0.863,0.0,1,RT @BBCNewsAsia: Lawsuit after Malaysian flag reported as 'IS symbol' in US https://t.co/RuXN00wmwX
0.296,Thu Mar 22 01:33:29 +0000 2018,@BBCWorld,0.0,0.82,0.18,1,Water power: How one pump is helping an entire community https://t.co/7YtuOEESuv
0.0,Thu Mar 22 01:33:29 +0000 2018,@BBCWorld,0.0,1.0,0.0,1,The brain scanner you can move in https://t.co/HpOs6TopPF
-0.296,Thu Mar 22 01:13:40 +0000 2018,@BBCWorld,0.321,0.472,0.208,1,The woman helping Ukraine's traumatised children https://t.co/T7hUeiYxgj
0.0,Thu Mar 22 00:59:01 +0000 2018,@BBCWorld,0.0,1.0,0.0,1,The sisters rebuilding Mosul University's library https://t.co/P7z5DjuhjR
0.0,Thu Mar 22 00:04:15 +0000 2018,@BBCWorld,0.0,1.0,0.0,1,Trump set to announce China sanctions after IP probe https://t.co/xCEQZtHtzz
0.4767,Wed Mar 21 22:38:36 +0000 2018,@BBCWorld,0.0,0.763,0.237,1,Eddie Woo: The maths teacher who became an unlikely star https://t.co/cn0RqABYrY
0.1531,Wed Mar 21 21:19:40 +0000 2018,@BBCWorld,0.0,0.882,0.118,1,Ahed Tamimi: Palestinian slap video teen gets eight months in plea deal https://t.co/sy2Dx7zznq
-0.3612,Wed Mar 21 19:44:00 +0000 2018,@BBCWorld,0.185,0.815,0.0,1,"RT @BBCBreaking: Facebook's Zuckerberg: ""We made mistakes"" over Cambridge Analytica situation https://t.co/szg6INOSlk"
0.4404,Wed Mar 21 19:31:04 +0000 2018,@BBCWorld,0.12,0.598,0.282,1,Nicolas Sarkozy: French police free ex-president after questioning https://t.co/FYLK7Vtxjw
-0.6486,Wed Mar 21 18:46:52 +0000 2018,@BBCWorld,0.261,0.739,0.0,1,"RT @BBCBreaking: Peru's President Pedro Pablo Kuczynski is to resign amid vote-buying scandal, government sources say https://t.co/E9UntpLq‚Ä¶"
-0.7184,Wed Mar 21 17:36:51 +0000 2018,@BBCWorld,0.4,0.6,0.0,1,Xabi Alonso: Former Real Madrid star accused of tax fraud https://t.co/hfmnLYTzEH
0.6249,Wed Mar 21 16:34:32 +0000 2018,@BBCWorld,0.0,0.579,0.421,1,Africa agrees deal for Continental Free Trade Area https://t.co/hcJrMfuxBI
-0.3875,Wed Mar 21 15:35:09 +0000 2018,@BBCWorld,0.226,0.774,0.0,1,Trump 'warned' not to congratulate Putin in Russia election https://t.co/W92syQ7kCh
-0.128,Wed Mar 21 15:35:09 +0000 2018,@BBCWorld,0.143,0.857,0.0,1,Surgeon David Nott: Hack led to Syria air strike https://t.co/8cNJ1hzqOD
-0.296,Wed Mar 21 15:18:17 +0000 2018,@BBCWorld,0.216,0.784,0.0,1,Austin bombings: Deceased suspect named as Texas man https://t.co/2cbujoDkbo
0.0,Wed Mar 21 15:13:19 +0000 2018,@BBCWorld,0.0,1.0,0.0,1,Human Rights Watch: Libya 'incapable' of holding elections https://t.co/MjbBGct3wW
0.0,Wed Mar 21 14:35:22 +0000 2018,@BBCWorld,0.0,1.0,0.0,1,Tajikistan ministry's book tells women how to dress https://t.co/r9H0rDrmfs
0.0,Wed Mar 21 14:29:13 +0000 2018,@BBCWorld,0.0,1.0,0.0,1,Cambridge Analytica: What we know so far https://t.co/s9A5ydH6n5
-0.296,Wed Mar 21 14:29:13 +0000 2018,@BBCWorld,0.268,0.732,0.0,1,Texas bombings: 'The suspect is deceased' https://t.co/4lI4YN60GX
-0.7717,Wed Mar 21 13:46:22 +0000 2018,@BBCWorld,0.261,0.739,0.0,1,RT @BBCBreaking: Suspect killed in the Austin parcel bombing case is named by US media as 23-year-old Mark Anthony Conditt https://t.co/pdB‚Ä¶
0.0,Wed Mar 21 13:26:14 +0000 2018,@BBCWorld,0.0,1.0,0.0,1,"RT @BBC_HaveYourSay: Are tennis balls green? üéæ Roger Federer says they're yellow ü§î
https://t.co/EUtZ8C4i5a"
0.0,Wed Mar 21 12:39:20 +0000 2018,@BBCWorld,0.0,1.0,0.0,1,Technology giants face European 'digital tax' slug https://t.co/sZ0IUcfDRH
-0.2263,Wed Mar 21 12:39:20 +0000 2018,@BBCWorld,0.16,0.84,0.0,1,Lawsuit after Malaysian flag reported as 'IS symbol' in US https://t.co/I5DSKL6Spj
-0.3182,Wed Mar 21 12:33:46 +0000 2018,@BBCWorld,0.204,0.796,0.0,1,Pope Francis: Vatican press chief resigns over doctored letter https://t.co/uhmagw3oFv
0.0,Wed Mar 21 11:31:37 +0000 2018,@BBCWorld,0.0,1.0,0.0,1,"Germany returns 3,000-year-old Olmec statues to Mexico https://t.co/EEV3OEZj59"
0.5719,Wed Mar 21 11:04:30 +0000 2018,@BBCWorld,0.0,0.684,0.316,1,Global implications for NZ 'Million Dollar Mouse' success https://t.co/MRlVy95sn1
-0.3182,Wed Mar 21 10:36:42 +0000 2018,@BBCWorld,0.187,0.813,0.0,1,Families of IS India victims learned of deaths on television https://t.co/ixz0P62KOp
0.2732,Wed Mar 21 10:24:33 +0000 2018,@BBCWorld,0.215,0.467,0.318,1,'Cambodia's Amy Winehouse' mourned as inspiration https://t.co/TTfYHv6Qkf
-0.4588,Wed Mar 21 10:19:43 +0000 2018,@BBCWorld,0.267,0.733,0.0,1,Police describe the moment they confronted suspect in Austin parcel bombings https://t.co/YNjuWNUqNT https://t.co/Aes3jLrVR4
0.0,Wed Mar 21 10:16:54 +0000 2018,@BBCWorld,0.0,1.0,0.0,1,Pope Francis to visit Ireland in August https://t.co/WuL0Ti0A6K
0.0,Wed Mar 21 09:57:08 +0000 2018,@BBCWorld,0.0,1.0,0.0,1,How a Sarajevo‚Äôs choir bridged the ethnic divide https://t.co/ELX4onOn2F
-0.7579,Wed Mar 21 08:55:48 +0000 2018,@BBCWorld,0.565,0.435,0.0,1,Austin bombings suspect dead - US media https://t.co/zp2ZFB3MJo
-0.9169,Wed Mar 21 08:27:56 +0000 2018,@BBCWorld,0.748,0.252,0.0,1,'Dozens dead' in Kabul suicide attack https://t.co/ODQTv5Pvue
0.4019,Wed Mar 21 08:20:09 +0000 2018,@BBCWorld,0.0,0.649,0.351,1,Kidnapped schoolgirls 'freed in Nigeria' https://t.co/IZF7wD5eea
0.0,Wed Mar 21 07:50:51 +0000 2018,@BBCWorld,0.0,1.0,0.0,1,Ek Do Teen: The unpopular Bollywood remake that crossed 18m views https://t.co/XJNTqJzpc7
0.0,Wed Mar 21 06:19:17 +0000 2018,@BBCWorld,0.0,1.0,0.0,1,North Korea says sanctions did not push it to seek US talks https://t.co/lXeSDzmOzH
-0.4019,Wed Mar 21 06:15:48 +0000 2018,@BBCWorld,0.252,0.748,0.0,1,Cambridge Analytica: Facebook data row academic 'is scapegoat' https://t.co/bo4lDPsuYb
0.0772,Wed Mar 21 05:42:03 +0000 2018,@BBCWorld,0.157,0.661,0.182,1,Israel admits striking suspected Syrian nuclear reactor in 2007 https://t.co/y1xlmSX3P6
-0.3182,Wed Mar 21 05:16:02 +0000 2018,@BBCWorld,0.103,0.897,0.0,1,"RT @BBCBreaking: Myanmar president Htin Kyaw, close ally of de facto leader Aung San Suu Kyi, resigns, says his office https://t.co/36nOMei‚Ä¶"
-0.3182,Wed Mar 21 05:15:18 +0000 2018,@BBCWorld,0.315,0.685,0.0,1,Myanmar president Htin Kyaw resigns https://t.co/zdkLQof3ve
0.0,Wed Mar 21 04:15:31 +0000 2018,@BBCWorld,0.0,1.0,0.0,1,RT @SallyBundockBBC: An international call for litter in the ocean to be curbed - are you changing your habits? Should we give up plastic p‚Ä¶
0.0,Wed Mar 21 02:28:17 +0000 2018,@BBCWorld,0.0,1.0,0.0,1,"RT @BBCNewsAsia: ""Women came with a van. They asked me, if I'd go with them.""

Girls in their early teens are being trafficked into prostit‚Ä¶"
0.0,Wed Mar 21 02:24:55 +0000 2018,@BBCWorld,0.0,1.0,0.0,1,Ocean plastic could treble in decade https://t.co/yZKo262Yhv
0.6486,Wed Mar 21 02:17:08 +0000 2018,@BBCWorld,0.0,0.531,0.469,1,The story behind Africa's free trade dream https://t.co/xGNRpf7YJ2
-0.7717,Thu Mar 22 23:25:01 +0000 2018,@CBSNews,0.271,0.729,0.0,2,"After President Trump's Chinese tariff announcement, fears of a trade war led to dramatic sell off on Wall Street w‚Ä¶ https://t.co/evc9gNKiRY"
0.4215,Thu Mar 22 23:07:22 +0000 2018,@CBSNews,0.0,0.891,0.109,2,"""They're such a part of your life, and when it's time for them to go, it's hard."" Massive study hopes to find out w‚Ä¶ https://t.co/xrgClQr2wU"
0.3612,Thu Mar 22 23:01:57 +0000 2018,@CBSNews,0.0,0.889,0.111,2,Surveillance video shows the Las Vegas gunman in the days before the October 1 massacre. He seems like any other ho‚Ä¶ https://t.co/BCW92j1IMB
-0.5267,Thu Mar 22 22:59:51 +0000 2018,@CBSNews,0.139,0.861,0.0,2,"After two days of heavy rain, it is winding down in California. But the threat of mudslides still has about 30,000‚Ä¶ https://t.co/Eg5MzvLUSR"
-0.4767,Thu Mar 22 22:57:15 +0000 2018,@CBSNews,0.147,0.853,0.0,2,There was a possible attempted attack at Travis Air Force base in northern California. A car loaded with propane ta‚Ä¶ https://t.co/fStifqJSRz
0.0,Thu Mar 22 22:53:44 +0000 2018,@CBSNews,0.0,1.0,0.0,2,Atlanta is under a ransomware cyberattack as internal systems are being held hostage. The FBI is among the agencies‚Ä¶ https://t.co/y3kQokYS9w
-0.3818,Thu Mar 22 22:50:07 +0000 2018,@CBSNews,0.14,0.86,0.0,2,"""We will fight back fearlessly."" @benstracy has reaction on Trump's new tariffs from China, including threats.‚Ä¶ https://t.co/oHcCcgThiv"
0.0,Thu Mar 22 22:44:51 +0000 2018,@CBSNews,0.0,1.0,0.0,2,"President Trump took the first step towards slapping as much as $60 billion in tariffs with China, which raised fea‚Ä¶ https://t.co/pbNYRuT1YY"
0.34,Thu Mar 22 22:37:44 +0000 2018,@CBSNews,0.0,0.893,0.107,2,"General H.R. McMaster is out as the national security advisor. He will be replaced by John Bolton, a former U.S. am‚Ä¶ https://t.co/Q91hgAR3Sd"
0.4215,Thu Mar 22 22:35:27 +0000 2018,@CBSNews,0.0,0.872,0.128,2,@CBSNews MORE: Gen. H.R. McMaster has been replaced by former Ambassador to the United Nations John Bolton as natio‚Ä¶ https://t.co/GJYW7B518H
0.0,Thu Mar 22 22:32:01 +0000 2018,@CBSNews,0.0,1.0,0.0,2,"JUST IN: Gen. H.R. McMaster to be replaced by John Bolton, a former U.S. ambassador to the U.N., as White House nat‚Ä¶ https://t.co/pqFeABs2Cb"
0.0,Thu Mar 22 22:26:23 +0000 2018,@CBSNews,0.0,1.0,0.0,2,"""Don't run for president."" President Trump gave some light-hearted advice he'd give his 25-year-old self during the‚Ä¶ https://t.co/HR8EQl1FPL"
0.0,Thu Mar 22 22:18:50 +0000 2018,@CBSNews,0.0,1.0,0.0,2,House panel calls on Facebook's Mark Zuckerberg to testify amid allegations that Cambridge Analytica misused the da‚Ä¶ https://t.co/YRiiCJ70gE
0.0,Thu Mar 22 21:50:01 +0000 2018,@CBSNews,0.0,1.0,0.0,2,"Initially slated to run for five weeks, Bruce Springsteen's hit Broadway show is extended, again, through December‚Ä¶ https://t.co/FfX4oqkVKR"
-0.1027,Thu Mar 22 21:30:01 +0000 2018,@CBSNews,0.136,0.746,0.118,2,"A son of Nigerian immigrants, Giannis Antetokounmpo sold trinkets in the streets of Athens to help his poor family;‚Ä¶ https://t.co/kqz3a04zjO"
-0.4404,Thu Mar 22 21:12:22 +0000 2018,@CBSNews,0.195,0.805,0.0,2,WATCH: Former White House strategist Steve Bannon addresses Cambridge Analytica scandal https://t.co/ycBlzqmqB3 https://t.co/eDhDueOEt7
-0.6705,Thu Mar 22 21:10:01 +0000 2018,@CBSNews,0.234,0.766,0.0,2,"Community members, activists to gather in Sacramento to protest fatal shooting of an unarmed black man by police; o‚Ä¶ https://t.co/polpXooFAf"
-0.2732,Thu Mar 22 20:50:01 +0000 2018,@CBSNews,0.095,0.905,0.0,2,"In biggest one-day drop for the Dow since Feb. 8, U.S. stocks fell sharply on Thursday after President Trump announ‚Ä¶ https://t.co/hvcbWc5KFf"
0.0,Thu Mar 22 20:30:02 +0000 2018,@CBSNews,0.0,1.0,0.0,2,"In surveillance video obtained by the New York Times, Las Vegas gunman Stephen Paddock's movements are seen in the‚Ä¶ https://t.co/cYLlLS0Yt4"
0.765,Thu Mar 22 20:10:32 +0000 2018,@CBSNews,0.0,0.714,0.286,2,WATCH: A driver has to climb out of his sunroof as a rescue crew helps him escape his car surrounded by rushing flo‚Ä¶ https://t.co/rWPj2hLuEU
-0.7717,Thu Mar 22 20:03:17 +0000 2018,@CBSNews,0.251,0.749,0.0,2,"NEW: Dow Jones sinks more than 700 points at closing bell amid fears of trade war; earlier Thursday, Pres. Trump an‚Ä¶ https://t.co/Xx7gqLUC7p"
0.0,Thu Mar 22 19:52:01 +0000 2018,@CBSNews,0.0,1.0,0.0,2,"President Trump exempts five more countries from steel and aluminum tariffs for now, U.S. trade representative says‚Ä¶ https://t.co/shmMJZrYIG"
-0.25,Thu Mar 22 19:35:36 +0000 2018,@CBSNews,0.136,0.864,0.0,2,"WATCH: The trailer of a big rig flipped on a Texas highway, spilling large rocks and gravel across all four lanes a‚Ä¶ https://t.co/1AEb0SzTrg"
0.0,Thu Mar 22 19:20:01 +0000 2018,@CBSNews,0.0,1.0,0.0,2,One of the largest subway construction projects in the country is providing a window into Los Angeles' ancient past‚Ä¶ https://t.co/R7gKNT8SEb
0.0,Thu Mar 22 19:00:32 +0000 2018,@CBSNews,0.0,1.0,0.0,2,Prince William and Duchess Kate visited athletes in London's Olympic Park and the prince joined a game of wheelchai‚Ä¶ https://t.co/dEgKHpcGzq
-0.6908,Thu Mar 22 18:45:28 +0000 2018,@CBSNews,0.183,0.817,0.0,2,"""These people kill thousands of people over the course of their lives through drugs. So we're going to have to get‚Ä¶ https://t.co/NH6AXTwKL4"
0.4838,Thu Mar 22 18:39:25 +0000 2018,@CBSNews,0.077,0.731,0.192,2,"""We're going to get a 'phase two' tax cut because it worked so well. Nobody thought it would be like this. It worke‚Ä¶ https://t.co/XXRzCIawQf"
0.6597,Thu Mar 22 18:30:01 +0000 2018,@CBSNews,0.082,0.672,0.246,2,"Austin bombing suspect Mark Conditt was described by a friend as an assertive person who would end up being ""kind o‚Ä¶ https://t.co/SPN3PjhZJ9"
0.0,Thu Mar 22 18:24:52 +0000 2018,@CBSNews,0.0,1.0,0.0,2,"WATCH LIVE: President Trump is participating in a panel discussion at the Generation Next Summit, a forum for mille‚Ä¶ https://t.co/Muu2oVp0lG"
0.6369,Thu Mar 22 18:15:02 +0000 2018,@CBSNews,0.0,0.743,0.257,2,"President Trump says he ""would like to"" testify before the special counsel Robert Mueller's Russia investigation‚Ä¶ https://t.co/fbcfFvup6x"
0.4019,Thu Mar 22 18:00:03 +0000 2018,@CBSNews,0.0,0.876,0.124,2,"Saudi Crown Prince Mohammed bin Salman has reportedly bragged to multiple parties that Jared Kushner was ""in his po‚Ä¶ https://t.co/274Vc5WB4O"
-0.34,Thu Mar 22 18:00:01 +0000 2018,@CBSNews,0.112,0.888,0.0,2,"DEVELOPING: A large grass fire is burning homes and cars in Grady County, Oklahoma, which is just south of Oklahoma‚Ä¶ https://t.co/xuJ95c6FD0"
0.0,Thu Mar 22 17:45:59 +0000 2018,@CBSNews,0.0,1.0,0.0,2,"Senators @CoryBooker and @JeffFlake had a duel on Capitol Hill. A snowball duel, that is. The stakes were high: the‚Ä¶ https://t.co/Sh5TX0HSsa"
0.7964,Thu Mar 22 17:27:34 +0000 2018,@CBSNews,0.0,0.712,0.288,2,"""I would like to ask that each of you undertake to ensure one act of kindness each day toward another person. This‚Ä¶ https://t.co/0v5XqG6vAE"
0.8896,Thu Mar 22 17:25:48 +0000 2018,@CBSNews,0.087,0.452,0.46,2,"""Never lose sight of your most valuable asset, the most value able asset you possess: your personal integrity. Not‚Ä¶ https://t.co/o7FbsVtXKO"
0.7003,Thu Mar 22 17:25:00 +0000 2018,@CBSNews,0.0,0.721,0.279,2,House Intelligence Committee votes along party lines to release the report on its 14-month-long Russia investigatio‚Ä¶ https://t.co/BEfFuDQTJ1
0.296,Thu Mar 22 17:22:54 +0000 2018,@CBSNews,0.0,0.872,0.128,2,MOMENTS AGO: Outgoing Secretary of State Rex Tillerson gives a farewell speech to State Department colleagues‚Ä¶ https://t.co/ccg3C0sZsu
0.0,Thu Mar 22 17:09:31 +0000 2018,@CBSNews,0.0,1.0,0.0,2,"NEW: House passes $1.3 trillion omnibus spending bill, 256-167; bill now heads to Senate https://t.co/OwPaBWa4lh https://t.co/YPOiI3a3BF"
-0.4019,Thu Mar 22 17:03:13 +0000 2018,@CBSNews,0.153,0.847,0.0,2,"WATCH: President Trump, ignoring reporters' shouted questions, signs memorandum ordering new tariffs on Chinese imp‚Ä¶ https://t.co/SzTyACLNw7"
0.0,Thu Mar 22 16:55:35 +0000 2018,@CBSNews,0.0,1.0,0.0,2,"""We have spoken to China and we are in the midst of a very large negotiation. We will see where it takes us. In the‚Ä¶ https://t.co/5Lxcnw5syg"
0.0,Thu Mar 22 16:52:45 +0000 2018,@CBSNews,0.0,1.0,0.0,2,"""I have been speaking with the highest Chinese representatives, including the president. I have asked them to reduc‚Ä¶ https://t.co/mBqd0sSCJv"
-0.4019,Thu Mar 22 16:50:27 +0000 2018,@CBSNews,0.124,0.876,0.0,2,"""We have a trade deficit [with China], depending on the when you calculate, of $504 billion. Some people would say‚Ä¶ https://t.co/3NnFKx3ACi"
0.0,Thu Mar 22 16:47:44 +0000 2018,@CBSNews,0.0,1.0,0.0,2,WATCH LIVE: President Trump announces new tariffs on China https://t.co/790g86Yhtp https://t.co/cvs3KPtBLQ
0.0772,Thu Mar 22 16:40:23 +0000 2018,@CBSNews,0.0,0.944,0.056,2,‚ÄúWe want the whole wall¬†funded.¬†You‚Äôve heard the president say he wants $25 billion¬†to finish the wall.¬†We would lo‚Ä¶ https://t.co/PXRMrjFjW5
0.0,Thu Mar 22 16:36:16 +0000 2018,@CBSNews,0.0,1.0,0.0,2,"OMB Director Mick Mulvaney on funding for border wall included in omnibus bill: ""Did we get everything we wanted wh‚Ä¶ https://t.co/6BzCSMjqb9"
0.5423,Thu Mar 22 16:30:18 +0000 2018,@CBSNews,0.0,0.824,0.176,2,"‚ÄúThis is what a bill looks like¬†when you have 60 votes in the¬†Senate, when the Democrats get a¬†chance to take their‚Ä¶ https://t.co/AfwvZb9ozX"
0.0,Thu Mar 22 16:24:33 +0000 2018,@CBSNews,0.0,1.0,0.0,2,WATCH LIVE: White House holds press briefing ahead of expected vote on omnibus spending bill https://t.co/P5pozlphhi https://t.co/8NqCT9bD6T
-0.296,Thu Mar 22 16:21:32 +0000 2018,@CBSNews,0.104,0.896,0.0,2,NEW: President Trump is directing the office of the U.S. Trade Representative to impose an estimated $50 billion in‚Ä¶ https://t.co/eAcPBXjFkY
-0.6369,Thu Mar 22 16:01:50 +0000 2018,@CBSNews,0.198,0.802,0.0,2,Sacramento police fatally shot unarmed man Stephon Clark in his grandparents' backyard. Body camera footage and aer‚Ä¶ https://t.co/9intMfA52b
0.6486,Thu Mar 22 15:50:53 +0000 2018,@CBSNews,0.0,0.823,0.177,2,"""I don't know the content of that conversation but my thoughts about Putin and Russia are pretty darn clear,"" House‚Ä¶ https://t.co/ixOvQ5KuU0"
0.1027,Thu Mar 22 15:46:02 +0000 2018,@CBSNews,0.11,0.762,0.129,2,"NEW: John Dowd, President Trump's lead lawyer for the special counsel probe, resigns from president's personal lega‚Ä¶ https://t.co/OzFGJCwF3Y"
0.0,Thu Mar 22 15:43:09 +0000 2018,@CBSNews,0.0,1.0,0.0,2,WATCH LIVE: House Speaker Paul Ryan holds news conference as government spending bill deadline looms‚Ä¶ https://t.co/9Hel4JsrfJ
0.0,Thu Mar 22 15:35:01 +0000 2018,@CBSNews,0.0,1.0,0.0,2,.@WIRED editor-in-chief and CBS News contributor @nxthompson spoke with Facebook CEO Mark Zuckerberg Wednesday nigh‚Ä¶ https://t.co/JRpUdQWNEp
0.34,Thu Mar 22 15:21:02 +0000 2018,@CBSNews,0.175,0.597,0.228,2,Justice Sonia Sotomayor instructed to avoid website of one of the parties involved in an argument before the Suprem‚Ä¶ https://t.co/0eAcNguonZ
0.1779,Thu Mar 22 15:05:07 +0000 2018,@CBSNews,0.0,0.892,0.108,2,"NEW: House adopts procedural rule for omnibus spending bill, 211-207; final vote expected Thursday afternoon"
-0.1531,Thu Mar 22 15:00:03 +0000 2018,@CBSNews,0.068,0.932,0.0,2,The U.N.'s World Water Day is making waves as a new report says that 40% of the world's population is affected by w‚Ä¶ https://t.co/PC1iAARKbL
-0.3818,Thu Mar 22 14:45:01 +0000 2018,@CBSNews,0.207,0.691,0.102,2,"A target in a bizarre murder-for-hire plot broke her silence in court, describing what it was like to pose for phot‚Ä¶ https://t.co/awOjJdYUOY"
0.0,Thu Mar 22 14:30:01 +0000 2018,@CBSNews,0.0,1.0,0.0,2,"The CEO of the company that makes Bratz dolls wants to salvage Toys ""R"" Us -- he and other investors have already p‚Ä¶ https://t.co/yeeVSnmZkc"
0.3818,Thu Mar 22 14:15:01 +0000 2018,@CBSNews,0.0,0.88,0.12,2,"When Stoneman Douglas students return from spring break, they'll be required to use clear backpacks and wear ID bad‚Ä¶ https://t.co/LYSqOjw0gN"
0.0,Thu Mar 22 14:00:02 +0000 2018,@CBSNews,0.0,1.0,0.0,2,"Sen. John Kennedy calls Cambridge Analytica data mining the ""definition of creepy"" https://t.co/qlIheT3ndQ https://t.co/pged7Nc99m"
-0.1531,Thu Mar 22 13:59:58 +0000 2018,@CBSNews,0.082,0.918,0.0,2,"The school girls ""are released with the government saying there was no negotiated sum,"" @Debora_Patta says, but add‚Ä¶ https://t.co/6rdeDy2nAS"
0.0,Thu Mar 22 13:55:29 +0000 2018,@CBSNews,0.0,1.0,0.0,2,.@Debora_Patta reports from South Africa on the release of Nigerian schoolgirls who were kidnapped by Boko Haram ex‚Ä¶ https://t.co/B1yi9uctCz
-0.0516,Thu Mar 22 13:45:48 +0000 2018,@CBSNews,0.132,0.746,0.123,2,WATCH: Two officers saved a choking baby from a car parked in the middle of a busy intersection. Body camera footag‚Ä¶ https://t.co/TjtbB6FCzX
-0.9225,Thu Mar 22 13:30:45 +0000 2018,@CBSNews,0.467,0.533,0.0,2,Police have released video from a self-driving Uber crash that killed a pedestrian. The fatality has raised questio‚Ä¶ https://t.co/ugQ6iUCvyn
-0.7964,Thu Mar 22 13:20:19 +0000 2018,@CBSNews,0.31,0.69,0.0,2,"""I think the mass manipulation, the total chaos, the sewing of confusion, the sort-of plethora of bologna news -- I‚Ä¶ https://t.co/RJy3fZmR4i"
0.0,Thu Mar 22 13:15:55 +0000 2018,@CBSNews,0.0,1.0,0.0,2,"""I think what will happen, over the next few months, there will be a lot of stuff"" Facebook will do in response to‚Ä¶ https://t.co/a9q1Xaa4re"
-0.296,Thu Mar 22 13:06:38 +0000 2018,@CBSNews,0.099,0.901,0.0,2,"RT @CBSThisMorning: WATCH: @SenJohnKennedy says he wants to know how @Facebook is ""going to stop the Russians from interfering our midterm‚Ä¶"
0.0,Thu Mar 22 13:05:35 +0000 2018,@CBSNews,0.0,1.0,0.0,2,".@caitlinconant has been named CBS News political director, CBS News President David Rhodes announces:‚Ä¶ https://t.co/1r7Cfrz6Aw"
0.0,Thu Mar 22 12:48:18 +0000 2018,@CBSNews,0.0,1.0,0.0,2,One of the largest subway construction projects in the U.S. is providing a window into Los Angeles' ancient past. L‚Ä¶ https://t.co/PgfrbNm0O1
-0.5574,Thu Mar 22 12:40:01 +0000 2018,@CBSNews,0.205,0.795,0.0,2,"An Amherst College football player died during spring break in Mexico, college officials say:‚Ä¶ https://t.co/LyLhfrVsFx"
-0.6369,Thu Mar 22 12:37:28 +0000 2018,@CBSNews,0.174,0.826,0.0,2,Lawmakers are calling on Facebook CEO Mark Zuckerberg to testify on Capitol Hill about the abuse of user data. Loui‚Ä¶ https://t.co/rJNC7GXaBb
0.0,Thu Mar 22 12:34:50 +0000 2018,@CBSNews,0.0,1.0,0.0,2,Here‚Äôs a look at some of this morning‚Äôs headlines on @CBSThisMorning: https://t.co/s4ur9hCrYK
-0.3818,Thu Mar 22 12:25:42 +0000 2018,@CBSNews,0.216,0.678,0.106,2,A target in a bizarre murder-for-hire plot broke her silence in court. Meghan Verikas described what it was like to‚Ä¶ https://t.co/yqwW7zEHkt
0.0,Thu Mar 22 12:20:01 +0000 2018,@CBSNews,0.0,1.0,0.0,2,"President Trump is expected to announce new tariffs and penalties against China on Thursday, and China is already e‚Ä¶ https://t.co/3D34lhdc6m"
0.1531,Thu Mar 22 12:18:23 +0000 2018,@CBSNews,0.065,0.794,0.14,2,New research could explain the growing number of mumps cases among young adults. Scientists warn that shots may be‚Ä¶ https://t.co/6NsxfMoUHC
0.0772,Thu Mar 22 12:09:45 +0000 2018,@CBSNews,0.0,0.942,0.058,2,"The number of days on the Legislative calendar is already shrinking. There are still 285 days left in the year, but‚Ä¶ https://t.co/kQYZtXarLr"
0.3612,Thu Mar 22 12:06:20 +0000 2018,@CBSNews,0.0,0.884,0.116,2,China says it is ready to respond to Pres. Trump‚Äôs expected announcement today of new tariffs and penalties against‚Ä¶ https://t.co/JoLv0sMtJm
0.296,Thu Mar 22 12:05:13 +0000 2018,@CBSNews,0.0,0.891,0.109,2,Facebook CEO Mark Zuckerberg says his company will alert users whose data was access by a political consulting firm‚Ä¶ https://t.co/V9I3Y6DSJH
0.0,Thu Mar 22 12:05:03 +0000 2018,@CBSNews,0.0,1.0,0.0,2,"RT @CBSThisMorning: ""Your world in 90 seconds."" Watch this morning's Eye Opener: (Presented by @Toyota)  https://t.co/zjWGLjcllY https://t.‚Ä¶"
-0.802,Thu Mar 22 12:00:02 +0000 2018,@CBSNews,0.265,0.735,0.0,2,A new report shows thousands of children are injured or killed by furniture that tips over -- and the numbers are g‚Ä¶ https://t.co/WpEksbSOOV
0.0,Thu Mar 22 11:52:35 +0000 2018,@CBSNews,0.0,1.0,0.0,2,Here‚Äôs a look at some of this morning‚Äôs headlines on @CBSThisMorning: https://t.co/SnKRpmJ5es
-0.802,Thu Mar 22 11:43:49 +0000 2018,@CBSNews,0.286,0.714,0.0,2,A report out this morning shows thousands of children are injured or killed by furniture that tips over. The Consum‚Ä¶ https://t.co/At6mgOAFIr
-0.4767,Thu Mar 22 11:40:21 +0000 2018,@CBSNews,0.164,0.773,0.063,2,A new report discovered an increasing number of young children are hurt by furniture tipping over. Ahead on‚Ä¶ https://t.co/OORXcrkBSM
-0.6597,Thu Mar 22 11:40:04 +0000 2018,@CBSNews,0.167,0.833,0.0,2,The FDA says reports of a rare and deadly cancer linked to breast implants are on the rise. The FDA says 9 people d‚Ä¶ https://t.co/uR8xg6HUJy
-0.5106,Thu Mar 22 11:40:00 +0000 2018,@CBSNews,0.148,0.852,0.0,2,A video of an infant smoking set off outrage on social media that helped North Carolina authorities identify and ar‚Ä¶ https://t.co/Rn8sQZOK0E
-0.4019,Thu Mar 22 11:34:36 +0000 2018,@CBSNews,0.137,0.863,0.0,2,"Police in Tempe, Arizona, released new video of the deadly crash involving a self-driving Uber SUV and a pedestrian‚Ä¶ https://t.co/V8GdHFeEt0"
0.0,Thu Mar 22 11:34:07 +0000 2018,@CBSNews,0.0,1.0,0.0,2,"Here are three things you should know this morning:
1‚É£McCabe investigated Sessions
2‚É£@POTUS to hit China trade
3‚É£As‚Ä¶ https://t.co/JPsSG4FvpO"
0.3612,Thu Mar 22 11:21:41 +0000 2018,@CBSNews,0.0,0.872,0.128,2,The White House says President Trump supports the $1.3 trillion spending bill unveiled by congressional leaders. La‚Ä¶ https://t.co/ZJWofhycZC
0.0,Thu Mar 22 11:20:53 +0000 2018,@CBSNews,0.0,1.0,0.0,2,Pres. Trump is defending his decision to congratulated Pres. Putin on his re-election. CBS News has learned Chief o‚Ä¶ https://t.co/y9k4YVEVC2
-0.6808,Thu Mar 22 11:20:01 +0000 2018,@CBSNews,0.18,0.82,0.0,2,"President Trump lashes out at Joe Biden for wanting to ""beat the hell out of him,"" saying the former vice president‚Ä¶ https://t.co/0cEnykNtP2"
0.0,Thu Mar 22 11:16:49 +0000 2018,@CBSNews,0.0,1.0,0.0,2,Police in California are investigating why two Sacramento officers shot at an unarmed black man 20 times -- and kil‚Ä¶ https://t.co/S6cWv4kX3i
-0.128,Thu Mar 22 11:14:25 +0000 2018,@CBSNews,0.073,0.927,0.0,2,Tens of millions of people from Pennsylvania to Maine could face another tough commute Thursday as the fourth nor'e‚Ä¶ https://t.co/K7zV8qsF3S
-0.7096,Thu Mar 22 11:11:58 +0000 2018,@CBSNews,0.258,0.742,0.0,2,"The man suspected of terrorizing Austin, Texas, with a series of bombings over nearly three weeks confessed in a 25‚Ä¶ https://t.co/NGuOJvJXKB"
0.0,Thu Mar 22 11:11:21 +0000 2018,@CBSNews,0.0,1.0,0.0,2,"‚Äú[Facebook] was caught off guard in all kinds of ways...They were caught off guard by how the public responded,‚Äù‚Ä¶ https://t.co/HClLu5A0iw"
0.0,Thu Mar 22 11:08:24 +0000 2018,@CBSNews,0.0,1.0,0.0,2,.@WIRED editor-in-chief and CBS News contributor @nxthompson spoke with Facebook CEO Mark Zuckerberg Wednesday nigh‚Ä¶ https://t.co/tJ5EddLiSS
-0.0772,Thu Mar 22 11:05:27 +0000 2018,@CBSNews,0.064,0.936,0.0,2,Facebook CEO Mark Zuckerberg is apologizing after reports that the company mishandled the data of more than 50 mill‚Ä¶ https://t.co/XJpZ5J1WJN
0.0,Thu Mar 22 11:00:01 +0000 2018,@CBSNews,0.0,1.0,0.0,2,Houston police are investigating after a man allegedly got into his car and plowed into a crowd of people outside a‚Ä¶ https://t.co/5Rx9Fe6VY9
0.0,Thu Mar 22 10:55:20 +0000 2018,@CBSNews,0.0,1.0,0.0,2,RT @CBSThisMorning: Next on @CBSThisMorning... https://t.co/eBEWGeiD54
0.296,Thu Mar 22 10:45:01 +0000 2018,@CBSNews,0.0,0.896,0.104,2,"Dr. @DavidAgus will join @CBSThisMorning with what may be behind the recent mumps resurgence, and why the vaccine y‚Ä¶ https://t.co/xfhCAbKJ0c"
0.0,Thu Mar 22 10:40:01 +0000 2018,@CBSNews,0.0,1.0,0.0,2,Could President Trump's tariffs on steel imports affect the price tag for his border wall? https://t.co/8mSwZWStXg https://t.co/NZnLG0qQiw
-0.7579,Thu Mar 22 23:34:44 +0000 2018,@CNN,0.228,0.772,0.0,3,"RT @CNNMoney: China's embassy in Washington says the country would fight a trade war with the US ""to the end"" and calls Trump's trade actio‚Ä¶"
-0.4588,Thu Mar 22 23:25:15 +0000 2018,@CNN,0.174,0.826,0.0,3,"President Donald Trump said former Vice President Joe Biden ""would go down fast and hard"" in a fight after Biden su‚Ä¶ https://t.co/J8yE1TUgEP"
0.0,Thu Mar 22 23:16:06 +0000 2018,@CNN,0.0,1.0,0.0,3,Only 117 years 'til this asteroid (possibly) hits us | By Don Lincoln via @CNNOpinion https://t.co/KjqhVW4vEZ https://t.co/E8ndh7fj7W
-0.0516,Thu Mar 22 23:09:16 +0000 2018,@CNN,0.054,0.946,0.0,3,"Former White House chief strategist Steve Bannon said if White House chief of staff John Kelly were to leave, he do‚Ä¶ https://t.co/ZJlOXOIuc6"
0.2023,Thu Mar 22 22:56:04 +0000 2018,@CNN,0.062,0.841,0.097,3,"""After we had been intimate, he tried to pay me."" Former Playboy model Karen McDougal shares details of an alleged‚Ä¶ https://t.co/7K7KB5L8j0"
0.128,Thu Mar 22 22:50:15 +0000 2018,@CNN,0.094,0.788,0.118,3,President Trump's national security adviser H.R. McMaster is resigning. He'll be replaced by former UN Ambassador J‚Ä¶ https://t.co/t4Rgr7hxdC
0.0,Thu Mar 22 22:46:03 +0000 2018,@CNN,0.0,1.0,0.0,3,"""China is not afraid of and will not recoil from a trade war,"" China's embassy in Washington said in a statement https://t.co/ojeKFlOYh6"
-0.1779,Thu Mar 22 22:41:04 +0000 2018,@CNN,0.138,0.756,0.107,3,"The FBI and Department of Homeland Security are investigating a ransomware attack on the city of Atlanta, city offi‚Ä¶ https://t.co/KbAruv1Wb3"
0.128,Thu Mar 22 22:40:57 +0000 2018,@CNN,0.094,0.788,0.118,3,BREAKING: President Trump's national security adviser H.R. McMaster is resigning. He'll be replaced by former UN Am‚Ä¶ https://t.co/3PQcIne1g5
-0.6597,Thu Mar 22 22:36:03 +0000 2018,@CNN,0.239,0.761,0.0,3,A former cancer patient is now a doctor at the hospital that helped her survive https://t.co/1F5JHggH8k https://t.co/cD94m14TsW
0.0,Thu Mar 22 22:31:03 +0000 2018,@CNN,0.0,1.0,0.0,3,"Ken Isaacs, the Trump administration pick to head the international organization that coordinates assistance to mig‚Ä¶ https://t.co/1C921S9rmx"
0.4576,Thu Mar 22 22:26:05 +0000 2018,@CNN,0.0,0.786,0.214,3,The 13 most interesting lines from CNN's Mark Zuckerberg interview https://t.co/3Ufce7cxrI https://t.co/cq5YC1dayY
0.5719,Thu Mar 22 22:21:05 +0000 2018,@CNN,0.0,0.821,0.179,3,A new heroine is flying alongside Wonder Woman and Superman to pull Puerto Rico through hurricane Maria's aftermath‚Ä¶ https://t.co/eqsGxvHmyT
-0.0772,Thu Mar 22 22:16:05 +0000 2018,@CNN,0.155,0.657,0.188,3,Some significant proposals championed by Education Secretary Betsy DeVos and President Donald Trump were rejected i‚Ä¶ https://t.co/hoqv7DQ1qz
0.0,Thu Mar 22 22:11:06 +0000 2018,@CNN,0.0,1.0,0.0,3,These are the posters students will be carrying at the March for Our Lives https://t.co/vOSZaqKvld https://t.co/5u6iKIvMUm
0.5106,Thu Mar 22 22:06:04 +0000 2018,@CNN,0.0,0.852,0.148,3,Nigerian President Muhammadu Buhari has vowed to free the only Dapchi schoolgirl believed to still be in Boko Haram‚Ä¶ https://t.co/6Eanm2ZsfR
-0.2023,Thu Mar 22 22:02:58 +0000 2018,@CNN,0.214,0.605,0.181,3,"RT @CNNSitRoom: Former US attorney @PreetBharara says there's ""significant worry"" that President Trump may fire special counsel Robert Muel‚Ä¶"
0.0,Thu Mar 22 22:01:09 +0000 2018,@CNN,0.0,1.0,0.0,3,"The Saudi crown prince bragged about his relationship with Jared Kushner, The Intercept reports‚Ä¶ https://t.co/y3oxFiREhM"
-0.296,Thu Mar 22 21:56:05 +0000 2018,@CNN,0.115,0.885,0.0,3,"The Dalai Lama, the globe-trotting Tibetan spiritual leader, will do no more traveling this year, a spokesman said,‚Ä¶ https://t.co/Kn86LGi6pF"
-0.4215,Thu Mar 22 21:51:52 +0000 2018,@CNN,0.186,0.724,0.09,3,"RT @CNNSitRoom: ""This is a clear sign that the President is more and more likely to take the unacceptable step of abruptly firing Robert Mu‚Ä¶"
-0.8591,Thu Mar 22 21:51:05 +0000 2018,@CNN,0.373,0.627,0.0,3,"New video of the fatal crash involving a self-driving Uber vehicle in Tempe, Arizona, shows a failure of the expect‚Ä¶ https://t.co/2red1nEooR"
-0.5423,Thu Mar 22 21:46:03 +0000 2018,@CNN,0.179,0.821,0.0,3,Why Donald Trump's China tariffs are likely to be a bad thing for him | Analysis by @CillizzaCNN‚Ä¶ https://t.co/btdb30prCR
-0.636,Thu Mar 22 21:41:13 +0000 2018,@CNN,0.278,0.615,0.107,3,"This nonprofit helps families battling late-stage cancer by arranging trips -- which they call ""WOW! Experiences"" -‚Ä¶ https://t.co/A5UdKrsg8l"
0.0,Thu Mar 22 21:38:14 +0000 2018,@CNN,0.087,0.826,0.087,3,Vanity Fair's decision to put actress Lena Waithe on the magazine's latest cover is being hailed as a watershed mom‚Ä¶ https://t.co/fkRabadqwq
-0.8591,Thu Mar 22 21:31:27 +0000 2018,@CNN,0.486,0.514,0.0,3,Why are some violent acts labeled terrorism and others not? https://t.co/Q43ZYKUnEQ
0.0258,Thu Mar 22 21:29:19 +0000 2018,@CNN,0.0,0.932,0.068,3,What's not in the omnibus is what matters most | Analysis by CNN's Gregory Krieg https://t.co/e91KCedggg https://t.co/iFwodhB6BM
-0.5574,Thu Mar 22 21:20:00 +0000 2018,@CNN,0.153,0.847,0.0,3,"Charles Lazarus, who founded Toys ""R"" Us 70 years ago, died Thursday -- a week after the company announced it will‚Ä¶ https://t.co/d8Z5zYyr3c"
0.2732,Thu Mar 22 21:18:43 +0000 2018,@CNN,0.0,0.89,0.11,3,"""Well here it is, all 2,232 budget-busting pages."" Sen. Rand Paul is live-tweeting Congress' omnibus spending bill‚Ä¶ https://t.co/4PqXGvxC2I"
0.9418,Thu Mar 22 21:12:04 +0000 2018,@CNN,0.0,0.503,0.497,3,"Feel more confident and you'll be more successful. Keep ""confidence logs"" and ""brag books."" Dress for success. Powe‚Ä¶ https://t.co/jkUh0or0wc"
-0.7351,Thu Mar 22 21:07:40 +0000 2018,@CNN,0.279,0.721,0.0,3,"Queen Latifah released a statement saying her mother, Rita Owens, has died after a longtime battle with heart disea‚Ä¶ https://t.co/TzZLgLrNip"
0.0,Thu Mar 22 20:59:42 +0000 2018,@CNN,0.0,1.0,0.0,3,The massive congressional spending bill that would fund the federal government through September includes a proposa‚Ä¶ https://t.co/YMVvlY0ScV
0.0,Thu Mar 22 20:57:26 +0000 2018,@CNN,0.0,1.0,0.0,3,"""This is an American icon that has to be saved"": The billionaire CEO behind Bratz dolls and Little Tike toys is on‚Ä¶ https://t.co/fjAiTan1Zl"
-0.2023,Thu Mar 22 20:53:18 +0000 2018,@CNN,0.096,0.904,0.0,3,"Rep. Adam Schiff says he thinks the controversial data firm, Cambridge Analytica, should testify before Congress in‚Ä¶ https://t.co/RGikQNEE6E"
0.0,Thu Mar 22 20:47:14 +0000 2018,@CNN,0.071,0.857,0.071,3,"Democratic Rep. Adam Schiff on Trump's legal team shakeups: Republicans need to ""urge the passage of a bill that pr‚Ä¶ https://t.co/mYtwLrAXtr"
-0.5574,Thu Mar 22 20:36:06 +0000 2018,@CNN,0.141,0.859,0.0,3,"Charles Lazarus, who founded Toys ""R"" Us 70 years ago, has died -- a week after the company announced it will be fo‚Ä¶ https://t.co/luSsxrIZX6"
0.0,Thu Mar 22 20:31:37 +0000 2018,@CNN,0.0,1.0,0.0,3,"Asked what advice he would give to his 25-year-old self, President Trump had this to say: ""Don't run for president.‚Ä¶ https://t.co/fVJP2bDGRU"
-0.3182,Thu Mar 22 20:23:11 +0000 2018,@CNN,0.108,0.892,0.0,3,"RT @TheLeadCNN: After John Dowd resigns, @PamelaBrownCNN says the relationship between Donald Trump and his lead lawyer had been ""strained""‚Ä¶"
0.0,Thu Mar 22 20:19:50 +0000 2018,@CNN,0.0,1.0,0.0,3,Facebook dipped 2.7% after CEO Mark Zuckerberg made his first public comments since the Cambridge Analytica scandal‚Ä¶ https://t.co/djcYBDqA7Y
-0.7717,Thu Mar 22 20:12:53 +0000 2018,@CNN,0.251,0.749,0.0,3,"The Dow plummeted 724 points, or 2.9%, on fears of a trade war after Trump announced tariffs on about $50 billion w‚Ä¶ https://t.co/GSri8z6CTE"
-0.7351,Thu Mar 22 20:08:29 +0000 2018,@CNN,0.34,0.66,0.0,3,Tired of not being able to post your gun pictures? Forget Facebook. There's now Gunbook https://t.co/4OS8FTuL2a https://t.co/i01v8cd8K8
-0.8316,Thu Mar 22 20:04:00 +0000 2018,@CNN,0.317,0.683,0.0,3,"RT @CNNMoney: Dow drops about 723 points, or 2.9%, on trade war fears. It's the 5th largest point drop in history. https://t.co/A9OlUXl3FI"
-0.4215,Thu Mar 22 19:56:10 +0000 2018,@CNN,0.135,0.865,0.0,3,The Dow has plunged more than 600 points so far today as Wall Street worries about a trade war.‚Ä¶ https://t.co/3O0fqiaD9N
0.2263,Thu Mar 22 19:48:49 +0000 2018,@CNN,0.076,0.806,0.118,3,"Parkland school shooting survivor Cameron Kasky describes confronting Sen. Marco Rubio in the CNN town hall: ""It wa‚Ä¶ https://t.co/0pEgwLjI3Q"
-0.5574,Thu Mar 22 19:36:17 +0000 2018,@CNN,0.146,0.854,0.0,3,"Charles Lazarus, who founded Toys ""R"" Us 70 years ago, died Monday -- a week after the company announced it will be‚Ä¶ https://t.co/yuKETC5Crc"
0.3612,Thu Mar 22 19:28:55 +0000 2018,@CNN,0.0,0.872,0.128,3,"""The march is only the beginning"" says Parkland school shooting survivor Cameron Kasky, adding, ""The American peopl‚Ä¶ https://t.co/ODZQssVwir"
0.0,Thu Mar 22 19:20:06 +0000 2018,@CNN,0.0,1.0,0.0,3,"25 years ago, Republicans were more educated than Democrats. Now it's the opposite, a new Pew Research survey shows‚Ä¶ https://t.co/4OAsB6JcYu"
0.0,Thu Mar 22 19:12:32 +0000 2018,@CNN,0.0,1.0,0.0,3,"What advice would you give to 25-year-old Donald Trump?

Trump: ""Don't run for president"" https://t.co/eGA7xexjHk https://t.co/86V38fyIiu"
-0.34,Thu Mar 22 19:10:09 +0000 2018,@CNN,0.13,0.87,0.0,3,Why the Biden-Trump feud of 2018 might be a preview of 2020 | Analysis by Harry Enten https://t.co/ODi9AAY16J https://t.co/jJ7RHq69i6
0.4019,Thu Mar 22 19:00:18 +0000 2018,@CNN,0.0,0.863,0.137,3,Instagram is answering the wish of many of its users: It will once again prioritize newer content‚Ä¶ https://t.co/o2qp4itPoa
-0.765,Thu Mar 22 18:50:08 +0000 2018,@CNN,0.398,0.602,0.0,3,These American companies could lose in a trade war with China https://t.co/MBBPe1p9u2 https://t.co/1O45tsAO96
0.34,Thu Mar 22 18:40:05 +0000 2018,@CNN,0.122,0.676,0.203,3,"Frank Avruch, who was best known for playing Bozo the Clown, died today at the age of 89, according to his manager‚Ä¶ https://t.co/58pWx7gRb8"
0.296,Thu Mar 22 18:30:08 +0000 2018,@CNN,0.0,0.901,0.099,3,"Are you a student taking part in Saturday‚Äôs March for Our Lives? Share your photos with CNN, along with your name,‚Ä¶ https://t.co/ldeoUbNsPq"
0.6369,Thu Mar 22 18:20:10 +0000 2018,@CNN,0.0,0.766,0.234,3,"President Trump says he would still ""like to"" testify before special counsel Robert Mueller, who is investigating a‚Ä¶ https://t.co/egUXQ7KfLK"
0.296,Thu Mar 22 18:10:54 +0000 2018,@CNN,0.0,0.885,0.115,3,"Outgoing Secretary of State Rex Tillerson called Washington a ""very mean-spirited town"" in his goodbye address to S‚Ä¶ https://t.co/3zQCXUp18u"
0.0,Thu Mar 22 18:00:11 +0000 2018,@CNN,0.0,1.0,0.0,3,"Why I'm marching on Saturday ... in a wheelchair || Karina Vargas, who was shot outside her school in Colorado, wri‚Ä¶ https://t.co/UuuTSNrd6W"
0.5574,Thu Mar 22 17:50:09 +0000 2018,@CNN,0.0,0.805,0.195,3,"Taylor Swift has sold more than 2 million copies of ""Reputation"" -- making it the first album to accomplish that fe‚Ä¶ https://t.co/1nRUa7GjT1"
-0.2732,Thu Mar 22 17:42:42 +0000 2018,@CNN,0.095,0.905,0.0,3,The US has dropped charges against 11 of the 15 bodyguards for Turkish President Recep Tayyip Erdogan who were indi‚Ä¶ https://t.co/od2hfFMBwN
0.296,Thu Mar 22 17:34:05 +0000 2018,@CNN,0.0,0.905,0.095,3,RT @CNNPolitics: Outgoing Secretary of State Rex Tillerson says goodbye to his colleagues at the State Department: ‚ÄúThis can be a very mean‚Ä¶
-0.8074,Thu Mar 22 17:20:07 +0000 2018,@CNN,0.477,0.523,0.0,3,How a trade war could hurt these US states https://t.co/uuhpbHs8Qo https://t.co/COP7vE8wOQ
0.0,Thu Mar 22 17:17:36 +0000 2018,@CNN,0.0,1.0,0.0,3,Secretary of State Rex Tillerson delivers his farewell remarks. Watch live: https://t.co/vhkaPaisD3 https://t.co/Mov9VDvLiW
0.0,Thu Mar 22 17:10:04 +0000 2018,@CNN,0.0,1.0,0.0,3,"President Trump tweeted that he could knock out Joe Biden. Here's what that reveals:

1. Being ""presidential"" is no‚Ä¶ https://t.co/B6qCrrs5Uf"
-0.4939,Thu Mar 22 17:06:07 +0000 2018,@CNN,0.208,0.792,0.0,3,"President Trump signs memorandum imposing new tariffs on China, as Dow sinks over fears of a trade war‚Ä¶ https://t.co/GQeE4HZFQK"
0.0,Thu Mar 22 17:00:16 +0000 2018,@CNN,0.0,1.0,0.0,3,"When students of Marjory Stoneman Douglas return to class after spring break next week, they'll be required to carr‚Ä¶ https://t.co/8pZuqCxC5o"
0.6249,Thu Mar 22 16:50:06 +0000 2018,@CNN,0.0,0.83,0.17,3,"Jaelynn Willey, the 16-year-old girl who was shot by an armed student at Great Mills High School in Maryland earlie‚Ä¶ https://t.co/bUgbiSuDX4"
0.0,Thu Mar 22 16:49:39 +0000 2018,@CNN,0.0,1.0,0.0,3,President Trump is expected to announce billions of dollars in tariffs on Chinese goods. Watch live:‚Ä¶ https://t.co/Y9BFoGluf8
0.0,Thu Mar 22 16:40:08 +0000 2018,@CNN,0.0,1.0,0.0,3,"Two old white men beat each other up in a bar -- this week's episode of 'Trumpworld,' as told by @ananavarro for‚Ä¶ https://t.co/vBqqXgikin"
0.25,Thu Mar 22 16:30:02 +0000 2018,@CNN,0.111,0.738,0.152,3,"Despite public claims that he was happy with him, President Trump complained privately in recent days that he thoug‚Ä¶ https://t.co/KbnH3zIQ4l"
-0.0844,Thu Mar 22 16:20:21 +0000 2018,@CNN,0.139,0.74,0.122,3,"The truth is, Facebook just doesn't care that much, Jeff Yang writes for @CNNopinion https://t.co/vlE7LrX71n https://t.co/wHxshTNi2g"
-0.128,Thu Mar 22 16:10:13 +0000 2018,@CNN,0.12,0.785,0.094,3,"‚ñ† Top Trump lawyer resigns

‚ñ† Trump expected to announce tariffs on Chinese goods

‚ñ† Government shutdown watch

Fol‚Ä¶ https://t.co/tVpAKzDTz9"
-0.6705,Thu Mar 22 16:00:24 +0000 2018,@CNN,0.2,0.8,0.0,3,Sacramento police officers shot and killed a black man in his grandmother's backyard because they believed he was p‚Ä¶ https://t.co/LOwrNCWmUe
-0.5994,Thu Mar 22 15:50:06 +0000 2018,@CNN,0.291,0.623,0.087,3,"""Crazy Joe Biden is trying to act like a tough guy‚Ä¶ he would go down fast and hard, crying all the way‚Äù: President‚Ä¶ https://t.co/ORGunB5N9R"
0.4019,Thu Mar 22 15:48:03 +0000 2018,@CNN,0.0,0.856,0.144,3,"BREAKING: John Dowd, the lead lawyer defending President Trump in the special counsel investigation, has resigned‚Ä¶ https://t.co/dQPx7VncRC"
-0.6124,Thu Mar 22 15:40:13 +0000 2018,@CNN,0.227,0.773,0.0,3,This teenager called his congressman and dropped an F-bomb while demanding action on guns. His school suspended him‚Ä¶ https://t.co/6gSh1fbDd1
-0.2111,Thu Mar 22 15:30:10 +0000 2018,@CNN,0.088,0.912,0.0,3,"This little girl got bored at her sister‚Äôs soccer game, so she started digging. She found a 65 million-year-old fos‚Ä¶ https://t.co/UVOqMXhhvn"
0.0,Thu Mar 22 15:20:10 +0000 2018,@CNN,0.0,1.0,0.0,3,"Barack and Michelle Obama penned a letter to the students of Parkland, Florida, telling them that their efforts in‚Ä¶ https://t.co/KYhR5pUUnC"
0.2755,Thu Mar 22 15:10:00 +0000 2018,@CNN,0.0,0.905,0.095,3,This robotic fish is designed to swim near real aquatic creatures and spy on them without raising suspicions or dis‚Ä¶ https://t.co/UJpoGwMajm
-0.5719,Thu Mar 22 15:00:15 +0000 2018,@CNN,0.198,0.802,0.0,3,"Congress just gave people 2,322 reasons to hate it even more | Analysis by @CillizzaCNN https://t.co/Mzku1cVJm8 https://t.co/LLAWFdGn8l"
0.0,Thu Mar 22 14:58:31 +0000 2018,@CNN,0.0,1.0,0.0,3,"Barack Obama made his first trip to New Zealand today. Before meeting with Prime Minister Jacinda Ardern, he was we‚Ä¶ https://t.co/yXXaLTF5F1"
-0.5994,Thu Mar 22 14:50:09 +0000 2018,@CNN,0.218,0.782,0.0,3,"President Trump to hit China with tariffs, heightening concerns of a global trade war https://t.co/9BXMNcIzst https://t.co/U5GZqzifaw"
-0.6808,Thu Mar 22 14:45:02 +0000 2018,@CNN,0.18,0.82,0.0,3,"Former Vice President Joe Biden is speaking in Washington, DC. Earlier this week he said he would ""beat the hell"" o‚Ä¶ https://t.co/PaxA9qXClr"
0.2705,Thu Mar 22 14:40:11 +0000 2018,@CNN,0.0,0.838,0.162,3,Mark Zuckerberg's apology didn't stop the bleeding on Wall Street. Facebook dipped 1% Thursday after Zuckerberg mad‚Ä¶ https://t.co/vfDn0aGMfO
0.2846,Thu Mar 22 14:31:32 +0000 2018,@CNN,0.15,0.634,0.216,3,These New York police officers were outnumbered in this adorable snowball fight https://t.co/S92UjVzfMT
0.0,Thu Mar 22 14:20:23 +0000 2018,@CNN,0.0,1.0,0.0,3,"These dancers, part of a New York sightseeing tour, performed a pas de deux in the middle of a snowstorm‚Ä¶ https://t.co/wtMVyRlmBt"
0.0,Thu Mar 22 14:10:00 +0000 2018,@CNN,0.0,1.0,0.0,3,@LaurieSegallCNN Facebook has vowed to change its data-sharing ways. But will the differences actually impact users? https://t.co/NpW1BsBBUv
-0.4754,Thu Mar 22 14:06:00 +0000 2018,@CNN,0.204,0.796,0.0,3,"@LaurieSegallCNN Mark Zuckerberg has regrets. ""I'm really sorry that this happened,"" the Facebook CEO says after ne‚Ä¶ https://t.co/Ln0QtpjiB0"
-0.2411,Thu Mar 22 14:03:00 +0000 2018,@CNN,0.098,0.902,0.0,3,"@LaurieSegallCNN Facebook CEO Mark Zuckerberg tells CNN he's open to regulations: ""I'm not sure we shouldn't be reg‚Ä¶ https://t.co/ZfXfpMeCF9"
0.3182,Thu Mar 22 13:59:33 +0000 2018,@CNN,0.0,0.892,0.108,3,"@LaurieSegallCNN Mark Zuckerberg says he is ""sure someone's trying"" to use Facebook to meddle with the US midterm e‚Ä¶ https://t.co/cHWhJx8OTP"
0.5719,Thu Mar 22 13:53:51 +0000 2018,@CNN,0.0,0.829,0.171,3,"@LaurieSegallCNN Facebook CEO Mark Zuckerberg says he is ""happy to"" testify before Congress ""if it's the right thin‚Ä¶ https://t.co/qVtrNIS5p6"
0.0,Thu Mar 22 13:50:09 +0000 2018,@CNN,0.0,1.0,0.0,3,"Mark Zuckerberg in his own words: The CNN interview with @LaurieSegallCNN:

Read: https://t.co/RT973iNdQx
Watch:‚Ä¶ https://t.co/bisuxhRq3p"
-0.8074,Thu Mar 22 13:40:10 +0000 2018,@CNN,0.477,0.523,0.0,3,How a trade war could hurt these US states https://t.co/GTOpk9Tyqz https://t.co/gQ981BVLHz
-0.3612,Thu Mar 22 13:31:42 +0000 2018,@CNN,0.122,0.878,0.0,3,French President Emmanuel Macron was facing a major test of his sweeping reform agenda with a series of strikes acr‚Ä¶ https://t.co/WQmzPh4lac
0.6369,Thu Mar 22 13:30:09 +0000 2018,@CNN,0.0,0.741,0.259,3,These are the best places to visit in Mexico | via @CNNtravel https://t.co/pFRSxvJiWf https://t.co/5VjXzmFcfc
0.5859,Thu Mar 22 13:20:14 +0000 2018,@CNN,0.0,0.78,0.22,3,"FBI Director Christopher Wray is promising his staff that he remains committed to running the agency ""objectively a‚Ä¶ https://t.co/rGlHNo3jiq"
0.0,Thu Mar 22 13:10:04 +0000 2018,@CNN,0.0,1.0,0.0,3,Dashboard video shows the moment a self-driving Uber car crashed into a pedestrian https://t.co/ebSViRcNrZ https://t.co/qvaRpkvfaN
0.0,Thu Mar 22 13:00:10 +0000 2018,@CNN,0.0,1.0,0.0,3,Here's what you need to know about right-to-try legislation | via @CNNhealth https://t.co/Mne8RwS8P2 https://t.co/8oSWzC9W2s
0.6808,Thu Mar 22 12:49:23 +0000 2018,@CNN,0.0,0.68,0.32,3,Starbucks is launching a $10 million grant challenge to solicit designs for a cup that's easier to recycle‚Ä¶ https://t.co/aDzLNOZkuY
0.0,Thu Mar 22 12:30:05 +0000 2018,@CNN,0.0,1.0,0.0,3,Vermont is on track to be the only state that has never sent a woman to Congress https://t.co/RI8esMnDW3
0.0,Thu Mar 22 12:20:08 +0000 2018,@CNN,0.0,1.0,0.0,3,"President Trump tweeted that he could knock out Joe Biden. Here's what that reveals:

1. Being ""presidential"" is no‚Ä¶ https://t.co/hgNC1eCIOy"
0.0,Thu Mar 22 12:10:08 +0000 2018,@CNN,0.0,1.0,0.0,3,China: We will hit back if the US announces new tariffs https://t.co/6nMz4TjeSE https://t.co/YSCGSge7Ih
-0.6705,Thu Mar 22 12:00:12 +0000 2018,@CNN,0.2,0.8,0.0,3,Sacramento police officers shot and killed a black man in his grandmother's backyard because they believed he was p‚Ä¶ https://t.co/o2t8OPoWh3
0.5859,Thu Mar 22 23:32:25 +0000 2018,@FoxNews,0.0,0.787,0.213,4,.@AmbJohnBolton on @POTUS saying ‚ÄòCongratulations‚Äô to Vladimir Putin for election win: ‚ÄúI‚Äôve said ‚Äòcongratulations‚Äô‚Ä¶ https://t.co/aYLz6PROsy
0.8658,Thu Mar 22 23:24:57 +0000 2018,@FoxNews,0.0,0.573,0.427,4,.@AmbJohnBolton on replacing H.R. McMaster as @WhiteHouse national security adviser: ‚ÄúIt‚Äôs‚Ä¶a great honor. It‚Äôs alwa‚Ä¶ https://t.co/3YBuxI99ms
0.0,Thu Mar 22 23:02:45 +0000 2018,@FoxNews,0.0,1.0,0.0,4,"Moments ago, President @realDonaldTrump announced that @AmbJohnBolton will replace General H.R. McMaster as White H‚Ä¶ https://t.co/DnfONMoFsu"
0.0,Thu Mar 22 22:57:08 +0000 2018,@FoxNews,0.0,1.0,0.0,4,Tune in to The Story tonight as @AmbJohnBolton sits down with @marthamaccallum at 7pm ET https://t.co/1xg1Axt8Oi
0.128,Thu Mar 22 22:47:03 +0000 2018,@FoxNews,0.0,0.909,0.091,4,"Victoria Toensing joins husband Joseph diGenova on Trump's legal team in Russia probe - via @brookefoxnews 
https://t.co/jQx2nZNn2i"
-0.5574,Thu Mar 22 22:46:42 +0000 2018,@FoxNews,0.205,0.795,0.0,4,"Goodlatte subpoenas DOJ for documents related to Clinton email probe, FISA abuses - via @brookefoxnews
https://t.co/WQEuyGunA5"
0.34,Thu Mar 22 22:36:14 +0000 2018,@FoxNews,0.0,0.854,0.146,4,"BREAKING: Former UN @AmbJohnBolton to replace H.R. McMaster as White House national security adviser,‚Ä¶ https://t.co/eD3G7XEcZx"
0.2023,Thu Mar 22 22:21:33 +0000 2018,@FoxNews,0.095,0.773,0.132,4,OPINION: The Second Amendment rights of more than 4 million Americans are at risk thanks to Republicans in Congress https://t.co/W5y1LOFKtI
0.0,Thu Mar 22 22:11:18 +0000 2018,@FoxNews,0.0,1.0,0.0,4,Dow drops more than 720 as Trump's China tariffs sink in. @DeirdreBolton has the story. #SpecialReport‚Ä¶ https://t.co/OlTwiZfphL
-0.296,Thu Mar 22 22:02:10 +0000 2018,@FoxNews,0.155,0.845,0.0,4,Chrissy Teigen tells critics why she didn't take John Legend's last name https://t.co/LapyAUOyOk
0.0,Thu Mar 22 21:58:19 +0000 2018,@FoxNews,0.0,1.0,0.0,4,".@POTUS, @FLOTUS host Greek Independence Day celebration.  https://t.co/ksy1yDb1Oi"
0.4019,Thu Mar 22 21:54:25 +0000 2018,@FoxNews,0.0,0.87,0.13,4,.@kimguilfoyle on CA cities pushing back against state sanctuary laws: ‚ÄúI think it‚Äôs smart that they distinguish th‚Ä¶ https://t.co/p8etTZqMw0
-0.4019,Thu Mar 22 21:44:56 +0000 2018,@FoxNews,0.153,0.847,0.0,4,"Nigerian girl still held by Boko Haram after refusing to convert to Islam, mother says https://t.co/xzTGXdUnD0"
-0.6808,Thu Mar 22 21:36:54 +0000 2018,@FoxNews,0.187,0.813,0.0,4,".@JesseBWatters on Joe Biden saying he would have ""beat the hell"" out of President Trump ""behind the gym"": ‚ÄúIf Chen‚Ä¶ https://t.co/1dUn1SKaeU"
0.4019,Thu Mar 22 21:21:38 +0000 2018,@FoxNews,0.0,0.876,0.124,4,"On Thursday, @SpeakerRyan tweeted his thoughts on how the omnibus spending bill will help the military, and give ""o‚Ä¶ https://t.co/pXqPzPLQFd"
0.4767,Thu Mar 22 21:13:31 +0000 2018,@FoxNews,0.0,0.86,0.14,4,"SMALL AND SNAZZY: Donning a fedora and boots, a miniature horse is bringing smiles to the patients of an Idaho hosp‚Ä¶ https://t.co/pe5wKHmQze"
0.4019,Thu Mar 22 21:13:06 +0000 2018,@FoxNews,0.0,0.856,0.144,4,"JUST IN:  #Trump administration approves $1B arms sale to Saudi Arabia, including more than 6,500 missiles https://t.co/XqkM1MqB5u"
-0.0772,Thu Mar 22 21:07:02 +0000 2018,@FoxNews,0.219,0.584,0.197,4,Tennessee man wrongly imprisoned for 31 years awarded $1M https://t.co/GUrJMaZnl8
0.0,Thu Mar 22 21:06:43 +0000 2018,@FoxNews,0.0,1.0,0.0,4,Alabama is latest state to approve execution by nitrogen gas https://t.co/3PMCzKE2A7
-0.296,Thu Mar 22 20:48:36 +0000 2018,@FoxNews,0.115,0.885,0.0,4,".@SenJohnThune on government spending: ""We've got to reform entitlement programs which the Democrats have had no ap‚Ä¶ https://t.co/O2lwDPAPt9"
-0.3818,Thu Mar 22 20:44:02 +0000 2018,@FoxNews,0.217,0.669,0.114,4,".@SenJohnThune: ""The unemployment rate is now down to its lowest level in 17 years...We're starting to see good gro‚Ä¶ https://t.co/dpPcWMPXng"
-0.4939,Thu Mar 22 20:32:27 +0000 2018,@FoxNews,0.198,0.802,0.0,4,"OPINION: Big Brother #Facebook helped get @BarackObama reelected, now they‚Äôre doing damage control https://t.co/wGbzBpg7Bx"
0.2023,Thu Mar 22 20:25:42 +0000 2018,@FoxNews,0.0,0.69,0.31,4,10-year treasury yield. @TeamCavuto https://t.co/tFE7X1J6Vh
-0.7003,Thu Mar 22 20:24:18 +0000 2018,@FoxNews,0.326,0.674,0.0,4,Boothe Calls Out 'Selective Outrage' in Reactions to Trump &amp; Biden's Fighting Words https://t.co/YGSOXtd7qf
0.0,Thu Mar 22 20:21:58 +0000 2018,@FoxNews,0.0,1.0,0.0,4,Stocks impacted by tariffs. @TeamCavuto https://t.co/nZnkTIMhY2
0.4215,Thu Mar 22 20:17:54 +0000 2018,@FoxNews,0.0,0.781,0.219,4,What is an atmospheric river? Powerful storm to drench California https://t.co/GHv3SHRJxk
0.0,Thu Mar 22 20:09:48 +0000 2018,@FoxNews,0.0,1.0,0.0,4,RT @FoxBusiness: #BreakingNews: The Dow Jones Industrial Average closes down over 700 points as Trump's China tariffs sink in. https://t.co‚Ä¶
0.0,Thu Mar 22 20:04:42 +0000 2018,@FoxNews,0.0,1.0,0.0,4,Famously liberal Vermont is now the only state never to send a woman to Congress  https://t.co/IEc7Pxd3sb
-0.5106,Thu Mar 22 19:49:00 +0000 2018,@FoxNews,0.18,0.82,0.0,4,"At the Generation Next forum, President @realDonaldTrump slammed his presidential predecessors for their failure to‚Ä¶ https://t.co/IL0kMxuNaz"
0.0,Thu Mar 22 19:44:16 +0000 2018,@FoxNews,0.0,1.0,0.0,4,BREAKING NEWS: @Cityofatlanta facing computer outages; @FBI is aware of situation. https://t.co/9cLBXx6sYq
0.128,Thu Mar 22 19:35:00 +0000 2018,@FoxNews,0.089,0.802,0.11,4,".@SteveScalise: ""Look at all the economic growth we have already gotten out of the tax cut bill. Who would've predi‚Ä¶ https://t.co/Xkg3aiA9gu"
0.0,Thu Mar 22 19:34:00 +0000 2018,@FoxNews,0.0,1.0,0.0,4,"President @realDonaldTrump announces new round of tariffs, investment restrictions against #China‚Ä¶ https://t.co/Q1QsYrA6ev"
-0.5719,Thu Mar 22 19:32:53 +0000 2018,@FoxNews,0.163,0.837,0.0,4,RT @FoxBusiness: MARKET SELLOFF: The Dow Jones Industrial Average and S&amp;P 500 are now negative for the year. https://t.co/qnKJEeyOAk https:‚Ä¶
-0.802,Thu Mar 22 19:27:39 +0000 2018,@FoxNews,0.477,0.523,0.0,4,ABC's 'American Idol' reportedly blaming Ryan Seacrest scandal for low ratings https://t.co/Uixj0GbsDL
0.4215,Thu Mar 22 19:21:09 +0000 2018,@FoxNews,0.0,0.811,0.189,4,"Earlier, @FLOTUS tweeted her greetings from the @WhiteHouse in a photo featuring @POTUS. https://t.co/1OkY69SKvm"
0.6124,Thu Mar 22 19:17:51 +0000 2018,@FoxNews,0.0,0.762,0.238,4,".@POTUS, off-camera to @WhiteHouse press pool, on testifying before Mueller: ""Yes, I would like to. I would like to‚Ä¶ https://t.co/tLfnW6mlsr"
-0.8481,Thu Mar 22 19:07:30 +0000 2018,@FoxNews,0.453,0.474,0.074,4,"Staged photos pretending to show torture, murder shown in murder-for-hire trial https://t.co/f9a3UD2vT8"
-0.296,Thu Mar 22 19:04:27 +0000 2018,@FoxNews,0.145,0.855,0.0,4,"Colorado mom of 3 reported missing, last seen leaving bar after St. Patrick's Day https://t.co/iVlbjHSfcN"
0.3182,Thu Mar 22 19:00:00 +0000 2018,@FoxNews,0.0,0.867,0.133,4,"Moments ago at a sit-down interview with @charliekirk11, President @realDonaldTrump joked about the advice he would‚Ä¶ https://t.co/zpcXglAdSI"
0.5106,Thu Mar 22 18:57:35 +0000 2018,@FoxNews,0.0,0.809,0.191,4,Poll: Do you have confidence in @POTUS to handle the situation with North Korea? https://t.co/4Fr2XjxXYI
0.25,Thu Mar 22 18:56:35 +0000 2018,@FoxNews,0.0,0.875,0.125,4,'Don't Run for President': @realDonaldTrump Jokes About Advice He'd Give Himself at Age 25 https://t.co/9RTWz0JcVC
0.0,Thu Mar 22 18:49:42 +0000 2018,@FoxNews,0.0,1.0,0.0,4,.@KellyannePolls speaks to millennials on policy issues at @WhiteHouse event. https://t.co/rUeBKNc0t7
0.0,Thu Mar 22 18:43:56 +0000 2018,@FoxNews,0.0,1.0,0.0,4,".@charliekirk11: ""What advice would you give to the 25-year-old @realDonaldTrump knowing what you know today?""‚Ä¶ https://t.co/KlcIfgCfBk"
0.0772,Thu Mar 22 18:38:07 +0000 2018,@FoxNews,0.093,0.802,0.105,4,".@realDonaldTrump on phase two of tax cuts: ""The word 'crumbs' is going to be like the word 'deplorable' I think fo‚Ä¶ https://t.co/bnZplORpQ1"
0.802,Thu Mar 22 18:36:13 +0000 2018,@FoxNews,0.0,0.745,0.255,4,".@POTUS: ""If you look at what's going on with free speech with the super left, with Antifa, with all of these chara‚Ä¶ https://t.co/DUepIzKE0k"
0.1531,Thu Mar 22 18:32:36 +0000 2018,@FoxNews,0.0,0.885,0.115,4,".@realDonaldTrump on immigration: ""We want people to come into our country, but we want them to come in based on me‚Ä¶ https://t.co/JBa49HdKDW"
0.802,Thu Mar 22 18:32:26 +0000 2018,@FoxNews,0.0,0.745,0.255,4,".@POTUS: ""If you look at what's going on with free speech with the super left, with Antifa, with all of these chara‚Ä¶ https://t.co/tSwXH7oRtL"
-0.0516,Thu Mar 22 18:29:59 +0000 2018,@FoxNews,0.115,0.781,0.104,4,".@realDonaldTrump on tax cuts: ""Millennials starting out, you have a tremendous advantage now over what you had."" https://t.co/FuqeuY6kri"
0.0,Thu Mar 22 18:27:32 +0000 2018,@FoxNews,0.0,1.0,0.0,4,".@realDonaldTrump: ""I shouldn't be the one negotiating North Korea. This should have been done years ago."" https://t.co/TpGcWycFza"
0.0,Thu Mar 22 18:26:43 +0000 2018,@FoxNews,0.0,1.0,0.0,4,".@realDonaldTrump on trade: ""We are so far down...our past presidents should have never allowed this to happen."" https://t.co/4yAxrsbieU"
-0.3818,Thu Mar 22 18:24:52 +0000 2018,@FoxNews,0.126,0.874,0.0,4,".@realDonaldTrump: ""We're losing $375 billion with China, it could be $504 billion depending on the way you count."" https://t.co/AVcWzXeJIl"
0.0,Thu Mar 22 18:16:25 +0000 2018,@FoxNews,0.0,1.0,0.0,4,".@DanHenninger: ""If Robert Mueller has something big on @POTUS, so be it. The process has to go forward. But if he'‚Ä¶ https://t.co/XAEpTyYQsp"
-0.296,Thu Mar 22 18:11:46 +0000 2018,@FoxNews,0.136,0.864,0.0,4,GOP Lawmaker Blasts $1.3T Spending Bill: No One Could Have Read It Before Voting https://t.co/il7L4sRrEy
0.3612,Thu Mar 22 18:05:01 +0000 2018,@FoxNews,0.0,0.872,0.128,4,"MOMENTS AGO: @POTUS, off-camera to @WhiteHouse press pool, on testifying before Mueller: ""Yes, I would like to. I w‚Ä¶ https://t.co/HqWmdFRBGM"
0.0,Thu Mar 22 17:57:30 +0000 2018,@FoxNews,0.0,1.0,0.0,4,.@POTUS and @IvankaTrump speak to millennials on policy issues at @WhiteHouse event  https://t.co/qIyZmMAOgw
-0.743,Thu Mar 22 17:50:16 +0000 2018,@FoxNews,0.27,0.73,0.0,4,"Country star standoff: 'Idol' judge Luke Bryan is no 'Voice' coach Blake Shelton, fans say amid ratings disaster https://t.co/KN38viM1HW"
0.0,Thu Mar 22 17:46:00 +0000 2018,@FoxNews,0.0,1.0,0.0,4,.@LindseyGrahamSC on Russian Election Interference: Trump Isn't Getting 'The Results We Want'‚Ä¶ https://t.co/sq9SIF41kc
0.5859,Thu Mar 22 17:43:53 +0000 2018,@FoxNews,0.0,0.612,0.388,4,Charming kindergartner's weather forecast goes viral https://t.co/6lBrVk1ldQ
0.0,Thu Mar 22 17:43:29 +0000 2018,@FoxNews,0.0,1.0,0.0,4,"Austin bomber had 'target list,' used 'very unique' batteries purchased from Asia, McCaul says https://t.co/UTToSokGZo"
0.3724,Thu Mar 22 17:31:50 +0000 2018,@FoxNews,0.0,0.825,0.175,4,.@Jim_Jordan Bashes $1.3 Trillion Spending Bill: 'It Can't Get Any Worse' https://t.co/VE3sXg5Qc8 https://t.co/e7vJURV62O
0.0,Thu Mar 22 17:27:46 +0000 2018,@FoxNews,0.0,1.0,0.0,4,"President Trump announces new round of tariffs, investment restrictions against China - via @brookefoxnews 
https://t.co/kmijyWdSHB"
0.1027,Thu Mar 22 17:23:32 +0000 2018,@FoxNews,0.0,0.924,0.076,4,"Handgun used in Maryland high school shooting was legally owned by gunman's father, police say (via @RyanGaydos) https://t.co/LFKunW7BYJ"
0.0,Thu Mar 22 17:17:50 +0000 2018,@FoxNews,0.0,1.0,0.0,4,".@RepScottPerry: ""We got the bill - 2,232 pages - last night at 8:30."" #OutnumberedOT https://t.co/HfXCeDU6tw"
0.296,Thu Mar 22 17:14:51 +0000 2018,@FoxNews,0.0,0.833,0.167,4,Outgoing Secretary of State Rex Tillerson delivers farewell remarks to @StateDept https://t.co/3Hw7mmlN8A
0.0,Thu Mar 22 17:09:50 +0000 2018,@FoxNews,0.0,1.0,0.0,4,BREAKING NEWS: House passes spending bill; Senate votes next. https://t.co/Ir2nqltT67
0.5106,Thu Mar 22 17:08:22 +0000 2018,@FoxNews,0.0,0.732,0.268,4,"RT @FoxBusiness: .@SecretaryRoss: ""Intellectual property rights are our future."" https://t.co/HLrmeKyb61"
0.0,Thu Mar 22 17:07:00 +0000 2018,@FoxNews,0.0,1.0,0.0,4,"MOMENTS AGO: President @realDonaldTrump signs presidential memo targeting China over steel, aluminum, and intellect‚Ä¶ https://t.co/YKYVpfVVhr"
0.0,Thu Mar 22 17:01:55 +0000 2018,@FoxNews,0.0,1.0,0.0,4,".@VP: ""The era of economic surrender is over."" https://t.co/AZBve9Gx1v"
0.0,Thu Mar 22 16:59:53 +0000 2018,@FoxNews,0.0,1.0,0.0,4,".@POTUS: ""We're doing things for this country that should've been done for many, many years."" https://t.co/cZrsL0qMQf"
0.0,Thu Mar 22 16:56:38 +0000 2018,@FoxNews,0.0,1.0,0.0,4,".@VP: ""The era of economic surrender is over."" https://t.co/li1fS1p6QZ"
0.5106,Thu Mar 22 16:54:44 +0000 2018,@FoxNews,0.0,0.858,0.142,4,"RT @FoxBusiness: .@POTUS on China: ""We have a tremendous intellectual property theft going on, which likewise is hundreds of billions of do‚Ä¶"
-0.6597,Thu Mar 22 16:54:41 +0000 2018,@FoxNews,0.205,0.795,0.0,4,"RT @FoxBusiness: .@POTUS on trade deficit with China: ""It is the largest deficit of any country in the history of our world."" https://t.co/‚Ä¶"
-0.3182,Thu Mar 22 16:54:39 +0000 2018,@FoxNews,0.099,0.901,0.0,4,"RT @FoxBusiness: .@POTUS: ""This has been long in the making...We've lost, over a fairly short period of time, 60,000 factories in our count‚Ä¶"
-0.2484,Thu Mar 22 16:49:39 +0000 2018,@FoxNews,0.243,0.577,0.18,4,".@POTUS: ""NAFTA's been a very bad deal for the United States."" https://t.co/Hg3TDcUeoW"
-0.4019,Thu Mar 22 16:48:46 +0000 2018,@FoxNews,0.153,0.847,0.0,4,".@POTUS: ""It is the largest deficit of any country in the history of our world."" https://t.co/rcPFk2tGms"
-0.296,Thu Mar 22 16:46:15 +0000 2018,@FoxNews,0.216,0.784,0.0,4,.@POTUS signs a presidential memorandum targeting China's economic aggression https://t.co/gt8J9hqbI6
-0.2732,Thu Mar 22 16:39:22 +0000 2018,@FoxNews,0.1,0.9,0.0,4,".@HARRISFAULKNER: ""What happened on the Democratic side of the line of 'When they go low we go high'?"" #Outnumbered https://t.co/hYvBLBhtIR"
0.4215,Thu Mar 22 16:38:14 +0000 2018,@FoxNews,0.0,0.797,0.203,4,United passenger claims he fractured spine after airline took away wheelchair https://t.co/Y2eppAwju1
-0.5719,Thu Mar 22 16:29:31 +0000 2018,@FoxNews,0.217,0.783,0.0,4,".@dagenmcdowell: ""We have a $21 trillion debt in this country and there is no whiff of fiscal responsibility coming‚Ä¶ https://t.co/rGLW3Vrdra"
0.0,Thu Mar 22 16:27:46 +0000 2018,@FoxNews,0.0,1.0,0.0,4,".@MickMulvaneyOMB: ""The line item veto - if the President had that, this bill would look a lot different by the tim‚Ä¶ https://t.co/0xMNQXV4ji"
0.3041,Thu Mar 22 16:24:50 +0000 2018,@FoxNews,0.102,0.704,0.195,4,".@MickMulvaneyOMB: ""We need 9 Democrats to support this bill so there was no chance of everything that we wanted pa‚Ä¶ https://t.co/3XEuWtgU9B"
0.0,Thu Mar 22 16:24:00 +0000 2018,@FoxNews,0.0,1.0,0.0,4,".@MickMulvaneyOMB: ""This omnibus bill... funds national defense."" https://t.co/NbqRY3CoMO"
0.0,Thu Mar 22 16:22:55 +0000 2018,@FoxNews,0.0,1.0,0.0,4,".@WhiteHouse gives an update on the Consolidated Appropriations Act, 2018
 https://t.co/LNn8uXfZlS"
0.0,Thu Mar 22 16:13:04 +0000 2018,@FoxNews,0.0,1.0,0.0,4,11 Easter Sunday dining deals (via @JaninePuhak) https://t.co/gwRMMgoAkQ
-0.3182,Thu Mar 22 16:10:45 +0000 2018,@FoxNews,0.173,0.827,0.0,4,"Lead @realDonaldTrump attorney in Mueller probe, John Dowd, resigns; @johnrobertsFox reports.‚Ä¶ https://t.co/OYR2eo8sQr"
0.4767,Thu Mar 22 16:05:01 +0000 2018,@FoxNews,0.0,0.807,0.193,4,"House Intelligence Committee votes to release GOP report on Russia probe - via @brookefoxnews 
https://t.co/oWmFtXEvw1"
-0.0516,Thu Mar 22 15:58:21 +0000 2018,@FoxNews,0.217,0.583,0.2,4,"Eating vegan diet promotes 'white masculinity,' sociologist argues https://t.co/NRUis8SDMF"
-0.4215,Thu Mar 22 15:51:39 +0000 2018,@FoxNews,0.226,0.774,0.0,4,"Advertisers tell Facebook 'enough is enough' as group representing 3,000 brands threatens to leave https://t.co/tl0uq4Fm9P"
0.0,Thu Mar 22 15:36:36 +0000 2018,@FoxNews,0.0,1.0,0.0,4,.@SpeakerRyan holds a news conference  https://t.co/OpkKDLHBBt
-0.3182,Thu Mar 22 15:34:21 +0000 2018,@FoxNews,0.161,0.839,0.0,4,"BREAKING NEWS: Lead @realDonaldTrump attorney in Mueller probe, John Dowd, resigns. https://t.co/a50WG2zd5j https://t.co/4SqqPOC22Q"
-0.3182,Thu Mar 22 15:30:55 +0000 2018,@FoxNews,0.173,0.827,0.0,4,"BREAKING NEWS: Lead @realDonaldTrump attorney in Mueller probe, John Dowd, resigns. https://t.co/NM4yKPckeZ"
-0.4648,Thu Mar 22 15:27:16 +0000 2018,@FoxNews,0.151,0.849,0.0,4,".@LindseyGrahamSC: ""The Western World's just basically AWOL when it comes to pushing back on Russia... [@POTUS] nee‚Ä¶ https://t.co/wrsKTS1oCG"
-0.5106,Thu Mar 22 15:23:31 +0000 2018,@FoxNews,0.281,0.719,0.0,4,Wes Anderson's 'Isle of Dogs' accused of cultural appropriation by film critic https://t.co/8ro0XPPnr5
0.0,Thu Mar 22 15:18:46 +0000 2018,@FoxNews,0.0,1.0,0.0,4,.@HouseDemocrats participate in an event marking the 8th anniversary of ObamaCare. https://t.co/asozyrojpP
-0.296,Thu Mar 22 15:18:21 +0000 2018,@FoxNews,0.155,0.845,0.0,4,"Brisket bandit accused of swiping smoked, raw meat from St. Louis-area restaurants https://t.co/bIbsG23Xh4"
-0.3612,Thu Mar 22 15:09:09 +0000 2018,@FoxNews,0.161,0.839,0.0,4,‚ÄòCocaine babe‚Äô tells court she smuggled drugs for ‚Äòlikes and attention‚Äô on Instagram https://t.co/RS7TbgnF84
-0.34,Thu Mar 22 15:00:33 +0000 2018,@FoxNews,0.138,0.862,0.0,4,"Utah father sues @boyscouts, accuses group of discrimination against his son who has Down Syndrome. https://t.co/inTE6O9Z6Q"
-0.5859,Thu Mar 22 14:59:00 +0000 2018,@FoxNews,0.275,0.725,0.0,4,.@RepAdamSchiff: We have motions to hold Steve Bannon in contempt. https://t.co/tCaENo4YNi
0.0,Thu Mar 22 14:57:00 +0000 2018,@FoxNews,0.0,1.0,0.0,4,"Austin bomber had 'target list,' used 'very unique' batteries purchased from Asia, McCaul says (via @travfed)   https://t.co/UTToSokGZo"
-0.25,Thu Mar 22 14:48:34 +0000 2018,@FoxNews,0.167,0.833,0.0,4,Alyssa Milano blasts Wendy's amid farm workers protest (via @JaninePuhak) https://t.co/CQ4juDFlqN
0.6249,Thu Mar 22 23:32:04 +0000 2018,@nytimes,0.0,0.661,0.339,5,"11 great titles expiring from Netflix in April
https://t.co/HcBU02pyJA"
0.5945,Thu Mar 22 23:18:21 +0000 2018,@nytimes,0.0,0.856,0.144,5,RT @nytopinion: .@FrankBruni: Any of us would choose a pilot who‚Äôd flown 999 flights over one with nine. So why the romance with utterly un‚Ä¶
0.0,Thu Mar 22 23:02:06 +0000 2018,@nytimes,0.0,1.0,0.0,5,Evening Briefing: Here's what you need to know at the end of the day https://t.co/VOho41K177
0.0,Thu Mar 22 22:51:00 +0000 2018,@nytimes,0.0,1.0,0.0,5,"John Bolton, who will take office April 9, has met regularly with Trump to discuss foreign policy, and was on a lis‚Ä¶ https://t.co/GrdtG3jdyh"
0.1531,Thu Mar 22 22:46:04 +0000 2018,@nytimes,0.112,0.701,0.187,5,"RT @MarkLandler: Scoop: McMaster to Resign as National Security Adviser, and Will Be Replaced by John Bolton https://t.co/qotF7Ftlr6"
0.0,Thu Mar 22 22:38:00 +0000 2018,@nytimes,0.0,1.0,0.0,5,"General McMaster will retire from the military, officials said. He has been discussing his departure with President‚Ä¶ https://t.co/YOfH4W4IxY"
0.0,Thu Mar 22 22:32:03 +0000 2018,@nytimes,0.0,1.0,0.0,5,"RT @amyfiscus: NEW: McMaster out, Bolton in. It‚Äôs happening https://t.co/NcRSvCbDcG"
0.34,Thu Mar 22 22:25:40 +0000 2018,@nytimes,0.0,0.888,0.112,5,Breaking News: President Trump‚Äôs national security adviser is out. H. R. McMaster will be replaced by John R. Bolto‚Ä¶ https://t.co/sH0sJexKwH
0.0,Thu Mar 22 22:17:06 +0000 2018,@nytimes,0.0,1.0,0.0,5,Instagram is changing its algorithm to make things a little more timely https://t.co/dm9TTWY2qS
-0.25,Thu Mar 22 22:01:06 +0000 2018,@nytimes,0.1,0.9,0.0,5,"After 110 days alone at sea, 71-year-old Aleksander Doba finally completed his mission to kayak across the Atlantic‚Ä¶ https://t.co/JO3QpiT5Ec"
0.0,Thu Mar 22 21:46:02 +0000 2018,@nytimes,0.0,1.0,0.0,5,Need a dinner idea? Try this salmon https://t.co/jkwdxhJohb
-0.8885,Thu Mar 22 21:31:05 +0000 2018,@nytimes,0.356,0.644,0.0,5,"RT @nytimesarts: The finale of ""The Assassination of Gianni Versace"" chronicles the last and desperate days of the serial killer Andrew Cun‚Ä¶"
0.0,Thu Mar 22 21:16:02 +0000 2018,@nytimes,0.0,1.0,0.0,5,A 98-year-old nun has become the biggest star of the NCAA men‚Äôs basketball tournament https://t.co/KctI49ACcT
-0.0516,Thu Mar 22 21:01:01 +0000 2018,@nytimes,0.057,0.943,0.0,5,Ever wonder why a chocolate chip cookie recipe is printed on the backs of Nestl√© Toll House morsel packages? You ca‚Ä¶ https://t.co/N8R8RhYi1w
0.0,Thu Mar 22 20:31:04 +0000 2018,@nytimes,0.0,1.0,0.0,5,"The six-inch-long skeleton has ten ribs, giant eye sockets and a long skull that ends in a point. It is not an alie‚Ä¶ https://t.co/ZiX1B34Ikh"
-0.4019,Thu Mar 22 20:20:01 +0000 2018,@nytimes,0.169,0.736,0.095,5,Stocks fell sharply as the prospect of a trade war between the U.S. and China sent Wall Street shuddering https://t.co/AFzDcYfBHZ
0.4215,Thu Mar 22 20:16:01 +0000 2018,@nytimes,0.0,0.851,0.149,5,"RT @nytgraphics: Spring has already arrived ‚Äî early, even ‚Äî in some parts of the United States.
https://t.co/3tU79RWGzK https://t.co/3wQl9z‚Ä¶"
-0.4678,Thu Mar 22 20:01:04 +0000 2018,@nytimes,0.225,0.71,0.065,5,"Is there actually a trove of Civil War gold lost in a Pennsylvania forest? No one knows for sure, but last week the‚Ä¶ https://t.co/C95LvvAYjj"
-0.1779,Thu Mar 22 19:46:03 +0000 2018,@nytimes,0.124,0.876,0.0,5,Trump‚Äôs latest restrictions on Chinese goods and investments could shake China‚Äôs economy https://t.co/VUYJCqnce9
-0.8625,Thu Mar 22 19:31:05 +0000 2018,@nytimes,0.375,0.625,0.0,5,"RT @nytopinion: Conservatism is no longer a political ideology in the recognized sense, but a repository of loathing and despair https://t.‚Ä¶"
0.3818,Thu Mar 22 19:16:05 +0000 2018,@nytimes,0.0,0.852,0.148,5,"Trump‚Äôs tariffs against steel and aluminum imports, designed to protect blue-collar workers, could instead undermin‚Ä¶ https://t.co/AyxxVl53CI"
0.4576,Thu Mar 22 19:07:27 +0000 2018,@nytimes,0.112,0.709,0.179,5,RT @maggieNYT: But the hard reality for Trump - president of the United States and a wealthy man - is that almost no major law firm wants t‚Ä¶
-0.765,Thu Mar 22 19:00:09 +0000 2018,@nytimes,0.231,0.769,0.0,5,"The world is a vampire
sent to drain
Secret destroyers
hold you up to the flames
And what do I get
for my pain?
Bet‚Ä¶ https://t.co/P63y1bvs2A"
-0.7269,Thu Mar 22 18:31:09 +0000 2018,@nytimes,0.264,0.736,0.0,5,Bill Cosby wants the judge in his case replaced. The judge‚Äôs wife is an advocate for assault victims. https://t.co/EripBne8DF
-0.25,Thu Mar 22 18:16:00 +0000 2018,@nytimes,0.188,0.677,0.135,5,YouTube says it will ban videos that promote the sale or manufacture of firearms https://t.co/eTyNeijcJc
0.9728,Thu Mar 22 18:01:27 +0000 2018,@nytimes,0.0,0.414,0.586,5,RT @TimHerrera: I'm slowly but surely turning Smarter Living into Smarter Dying. Thank you @coolniceghost for this fantastic story! https:/‚Ä¶
-0.34,Thu Mar 22 17:46:41 +0000 2018,@nytimes,0.112,0.888,0.0,5,"In the 6 months since Harvey, The New York Times followed several families as they struggled to rebuild their lives‚Ä¶ https://t.co/QSSWnX1DDA"
-0.296,Thu Mar 22 17:46:06 +0000 2018,@nytimes,0.099,0.901,0.0,5,Most residents whose homes flooded during Hurricane Harvey had no clue that their gated community was built in an a‚Ä¶ https://t.co/3LPAxNTmTl
-0.0258,Thu Mar 22 17:31:07 +0000 2018,@nytimes,0.052,0.948,0.0,5,"We asked who you think was overlooked for a New York Times obituary. You told us, in droves. Today: grandmothers, w‚Ä¶ https://t.co/HcjymwbRoo"
-0.5423,Thu Mar 22 17:16:03 +0000 2018,@nytimes,0.143,0.857,0.0,5,"‚ÄúIf you aren‚Äôt willing to suffer, you can do nothing. You can sit and die.‚Äù 

He pit himself against the wide-open‚Ä¶ https://t.co/KKoghKQH1u"
0.1531,Thu Mar 22 17:03:03 +0000 2018,@nytimes,0.096,0.783,0.122,5,The House approved a spending bill to fund the government through September. The Senate must act next to avoid a th‚Ä¶ https://t.co/XHKtU730wj
0.0,Thu Mar 22 16:46:07 +0000 2018,@nytimes,0.0,1.0,0.0,5,"Workers at airports serving NYC may soon be paid one of the country‚Äôs highest minimum wages, $19 an hour https://t.co/ZHE8xBbDKo"
0.5719,Thu Mar 22 16:31:06 +0000 2018,@nytimes,0.0,0.793,0.207,5,Anthony Stephan House was helping his 8-year-old daughter get ready for school when he picked up a package left on‚Ä¶ https://t.co/9z8lLPrK1I
0.0,Thu Mar 22 16:16:02 +0000 2018,@nytimes,0.0,1.0,0.0,5,Ruth Wakefield took an ice pick to a chocolate bar and invented an instant classic: the chocolate chip cookie https://t.co/kxvEjyaYd3
0.1531,Thu Mar 22 16:01:07 +0000 2018,@nytimes,0.094,0.748,0.157,5,Citigroup will not do business with companies that allow certain kinds of gun sales. It is the first Wall Street ba‚Ä¶ https://t.co/mLRgIaPc4U
-0.4404,Thu Mar 22 15:46:55 +0000 2018,@nytimes,0.159,0.712,0.129,5,RT @VivianHYee: What does a man do before committing mass murder? I wrote an essay about what it's like to watch the Las Vegas shooter's la‚Ä¶
-0.1739,Thu Mar 22 15:33:59 +0000 2018,@nytimes,0.16,0.731,0.11,5,It is not clear who will take over Trump's legal team https://t.co/EWXBKJR8WG
0.0,Thu Mar 22 15:30:07 +0000 2018,@nytimes,0.0,1.0,0.0,5,"At your fingertips: The many sides of David Bowie. 

He was a musician, actor, painter, fashion pioneer ‚Äî and never‚Ä¶ https://t.co/HmV6LLR2m4"
0.1779,Thu Mar 22 15:26:58 +0000 2018,@nytimes,0.102,0.761,0.137,5,Breaking News: President Trump‚Äôs lead lawyer for the special counsel‚Äôs inquiry has resigned after concluding Trump‚Ä¶ https://t.co/37zxP6pxsf
0.3254,Thu Mar 22 15:23:01 +0000 2018,@nytimes,0.0,0.72,0.28,5,RT @nytmike: SCOOP: Dowd out. w/@maggieNYT https://t.co/mOW2tx8TwR
0.0,Thu Mar 22 15:15:10 +0000 2018,@nytimes,0.0,1.0,0.0,5,Is Facebook too big to quit? Here are answers to some #DeleteFacebook questions: https://t.co/RMcDWZVZOS
-0.296,Thu Mar 22 15:00:19 +0000 2018,@nytimes,0.099,0.901,0.0,5,"""As long as gay people don‚Äôt have their rights all across America, there‚Äôs no reason for celebration"" ‚Äî Marsha P. J‚Ä¶ https://t.co/sIN6MVdAXD"
0.7351,Thu Mar 22 14:51:02 +0000 2018,@nytimes,0.0,0.754,0.246,5,RT @HannaIngber: Our readers shared with us stories about their amazing grandmothers who deserved a @nytimes obit. Here is their moment: ht‚Ä¶
0.5499,Thu Mar 22 14:43:04 +0000 2018,@nytimes,0.088,0.701,0.212,5,"""We have argued, and I think successfully, that the European Union is not an enemy of the U.S. when it comes to ste‚Ä¶ https://t.co/eBL3J9p2n6"
-0.5574,Thu Mar 22 14:30:13 +0000 2018,@nytimes,0.399,0.413,0.188,5,2 American tourists were killed in a helicopter crash on the Great Barrier Reef https://t.co/a4UUjEYgLK
-0.3182,Thu Mar 22 14:16:02 +0000 2018,@nytimes,0.103,0.897,0.0,5,"The Juneau was blasted apart by a Japanese torpedo in 1942. For decades it was lost, resting in pieces somewhere in‚Ä¶ https://t.co/Ulbhhmb21h"
0.0,Thu Mar 22 14:00:23 +0000 2018,@nytimes,0.0,1.0,0.0,5,"Trump has called for a wall, but Border Patrol agents on the front lines say they need more technology and addition‚Ä¶ https://t.co/bVvZfL644q"
0.0,Thu Mar 22 13:44:06 +0000 2018,@nytimes,0.0,1.0,0.0,5,"How the Las Vegas gunman planned a massacre, in 7 days of video https://t.co/MmRJu5twhl"
0.0,Thu Mar 22 13:30:03 +0000 2018,@nytimes,0.0,1.0,0.0,5,"Mark Zuckerberg spoke with our reporters about data privacy, Cambridge Analytica and the social network's next steps https://t.co/l0DqULOGjo"
0.0,Thu Mar 22 13:15:09 +0000 2018,@nytimes,0.0,1.0,0.0,5,"In Opinion

The Editorial Board writes: ""The disparity between President Trump and his advisers, who seem to take t‚Ä¶ https://t.co/TJIv8QaKap"
0.0,Thu Mar 22 13:00:17 +0000 2018,@nytimes,0.0,1.0,0.0,5,Morning¬†Briefing: Here's what you need to know to start your day https://t.co/YsysqCfBmS https://t.co/LOSPRb9uVT
0.25,Thu Mar 22 12:51:01 +0000 2018,@nytimes,0.0,0.913,0.087,5,"George Nader, an adviser to the de facto ruler of the UAE, has been granted immunity in a deal for his cooperation‚Ä¶ https://t.co/Zjrnzxa1Yu"
-0.4019,Thu Mar 22 12:40:09 +0000 2018,@nytimes,0.171,0.829,0.0,5,"President Trump tweeted that Joe Biden ""would go down fast and hard"" if the two men ever physically fought https://t.co/6ldkGqS1OL"
-0.4404,Thu Mar 22 12:31:03 +0000 2018,@nytimes,0.182,0.818,0.0,5,"Trevor Noah attacks Facebook and urges users to ""be vigilant."" Our late-night roundup: https://t.co/za1xwkZIK6"
0.0,Thu Mar 22 12:20:06 +0000 2018,@nytimes,0.0,1.0,0.0,5,The NYT review of Wes Anderson's 'Isle of Dogs' https://t.co/4rra0hTXJq
0.0,Thu Mar 22 12:10:07 +0000 2018,@nytimes,0.0,1.0,0.0,5,"Why did this man kayak across the Atlantic Ocean 3 times?
 https://t.co/3xZZHsJeI5"
-0.3818,Thu Mar 22 12:00:03 +0000 2018,@nytimes,0.133,0.867,0.0,5,"Your daily @DealBook Briefing:

‚Ä¢ Mark Zuckerberg has finally spoken.

‚Ä¢ Is the U.S. starting a trade fight with Ch‚Ä¶ https://t.co/y5hbK3jnVP"
0.0,Thu Mar 22 11:51:04 +0000 2018,@nytimes,0.0,1.0,0.0,5,Here's what you need to know before heading out https://t.co/MCc104bk6z
-0.4404,Thu Mar 22 11:40:10 +0000 2018,@nytimes,0.139,0.861,0.0,5,The FBI investigated Jeff Sessions for possible perjury last year over congressional testimony in which he said he‚Ä¶ https://t.co/6tSvz8bpEn
0.0,Thu Mar 22 11:29:02 +0000 2018,@nytimes,0.0,1.0,0.0,5,These new Facebook deserters explain why they left https://t.co/anzit1r4ds
0.3612,Thu Mar 22 11:21:03 +0000 2018,@nytimes,0.0,0.872,0.128,5,"In Opinion¬†

Op-Ed contributor @pameladruck writes: ""France is starting to seem like an upbeat, can-do country, whi‚Ä¶ https://t.co/2rzfmVvVEg"
0.0,Thu Mar 22 11:11:02 +0000 2018,@nytimes,0.0,1.0,0.0,5,Can Facebook be fixed? https://t.co/bZ60Uoq05R
-0.34,Thu Mar 22 11:00:10 +0000 2018,@nytimes,0.107,0.893,0.0,5,Video: These were the Las Vegas gunman's final movements in the days before he opened fire from his hotel suite https://t.co/sP6YD9Xjed
-0.5267,Thu Mar 22 10:44:06 +0000 2018,@nytimes,0.206,0.794,0.0,5,"Ahed Tamimi, the teen who became a Palestinian symbol of resistance, was sentenced to 8 months in prison for slappi‚Ä¶ https://t.co/wxiavVPiDg"
-0.296,Thu Mar 22 10:31:05 +0000 2018,@nytimes,0.216,0.784,0.0,5,There were no women at the table ‚Äî again https://t.co/TgLcIaUMqb
0.0,Thu Mar 22 10:14:05 +0000 2018,@nytimes,0.0,1.0,0.0,5,"A former CIA director said that Russians ""may have something on him personally"" when he was asked if he thought Pre‚Ä¶ https://t.co/7FTcIwIY51"
0.0,Thu Mar 22 10:05:04 +0000 2018,@nytimes,0.0,1.0,0.0,5,Morning¬†Briefing: Here's what you need to know to start your day https://t.co/Fpk8UsDRf2 https://t.co/3dMErkBuen
0.3612,Thu Mar 22 09:45:03 +0000 2018,@nytimes,0.0,0.889,0.111,5,Boris Johnson said that Vladimir Putin would use the World Cup much like Hitler used the 1936 Olympics. The compari‚Ä¶ https://t.co/SoqaD8Bkgx
0.8779,Thu Mar 22 09:30:11 +0000 2018,@nytimes,0.0,0.59,0.41,5,More than 40 African countries signed a free trade pact that the nations hope will fulfill a long-held dream of gre‚Ä¶ https://t.co/aqEI5O1Hbc
0.0772,Thu Mar 22 09:16:05 +0000 2018,@nytimes,0.0,0.822,0.178,5,Want to #DeleteFacebook? You can try. https://t.co/MSJnZamzdp
-0.5574,Thu Mar 22 09:00:10 +0000 2018,@nytimes,0.399,0.413,0.188,5,2 American tourists were killed in a helicopter crash on the Great Barrier Reef https://t.co/pqEOo6G7dc
0.6343,Thu Mar 22 08:44:06 +0000 2018,@nytimes,0.057,0.694,0.25,5,"A new agreement signals warmer ties between Iraq's Kurds and Baghdad. ""We don't want a return to division,"" Iraq's‚Ä¶ https://t.co/QNpDYzi3hL"
0.0243,Thu Mar 22 08:30:13 +0000 2018,@nytimes,0.142,0.71,0.148,5,"Untangling yourself from a site like Facebook is not as easy as pressing ""delete"" https://t.co/FXSzaCOdWP"
0.7351,Thu Mar 22 08:15:10 +0000 2018,@nytimes,0.0,0.581,0.419,5,RT @bxchen: New Tech Fix: Want to #deletefacebook? Good luck with that. https://t.co/njTHHcEgUh
0.5994,Thu Mar 22 08:02:04 +0000 2018,@nytimes,0.0,0.726,0.274,5,"""People with dementia also need adventures. They need to get out, just like us."" https://t.co/Sjf0Y05IH9"
0.4798,Thu Mar 22 07:32:03 +0000 2018,@nytimes,0.0,0.822,0.178,5,Emmanuel Macron has made clear that he's not afraid to shake up France and take on its venerable institutions. Now‚Ä¶ https://t.co/Vfa29xIsz1
0.0,Thu Mar 22 07:17:06 +0000 2018,@nytimes,0.0,1.0,0.0,5,"Our technology reporter in Mumbai, @vindugoel, explains how cheap mobile data is changing India and why WhatsApp is‚Ä¶ https://t.co/qnNcnAgvVQ"
-0.3182,Thu Mar 22 07:10:13 +0000 2018,@nytimes,0.204,0.796,0.0,5,"For Heart Disease Patients, Think Exercise, Not Weight Loss https://t.co/S5THHcDxGD"
0.3612,Thu Mar 22 07:02:03 +0000 2018,@nytimes,0.0,0.872,0.128,5,"Stephen Hawking's ashes will be interred at Westminster Abbey, near a few legendary scientists like Darwin and Newt‚Ä¶ https://t.co/S9RX4VMOmE"
-0.7269,Thu Mar 22 06:35:01 +0000 2018,@nytimes,0.243,0.757,0.0,5,"""When I deployed to Iraq in 2003, there was no war. We had to start it,"" a former Marine Corps tanker writes https://t.co/eBk8q7AqVi"
0.6705,Thu Mar 22 06:18:02 +0000 2018,@nytimes,0.0,0.776,0.224,5,RT @nytopinion: .@tomfriedman: The G.O.P. is an intellectually and morally corrupt coalition that sells its soul to whoever will energize i‚Ä¶
0.6124,Thu Mar 22 05:56:21 +0000 2018,@nytimes,0.0,0.615,0.385,5,How to enjoy fine dining on a fast food budget https://t.co/TzfzbdT8tP
0.3434,Thu Mar 22 05:39:00 +0000 2018,@nytimes,0.1,0.734,0.165,5,"Many counties, including rich ones, are aging and experiencing more deaths than births, without growth through immi‚Ä¶ https://t.co/9pBIR08IS4"
0.0,Thu Mar 22 05:21:04 +0000 2018,@nytimes,0.0,1.0,0.0,5,"Facebook chief executive Mark Zuckerberg spoke with us about data privacy, Cambridge Analytica and the social netwo‚Ä¶ https://t.co/LvvAVaXegP"
-0.5106,Thu Mar 22 05:02:03 +0000 2018,@nytimes,0.155,0.845,0.0,5,RT @sangerkatz: Getting sick can be really expensive (and not just in the ways you might think). https://t.co/cL4gMLxl40 https://t.co/YSafg‚Ä¶
-0.296,Thu Mar 22 04:32:05 +0000 2018,@nytimes,0.104,0.896,0.0,5,President Trump met with the Saudis on Tuesday at the White House. There were no women at the table. https://t.co/QgVVsP4iOj
0.0,Thu Mar 22 04:17:01 +0000 2018,@nytimes,0.0,1.0,0.0,5,"When Bill de Blasio sealed his come-from-behind victory in the Democratic primary for NYC mayor in 2013, he thanked‚Ä¶ https://t.co/N9CYax8sW4"
-0.4404,Thu Mar 22 04:06:05 +0000 2018,@nytimes,0.153,0.847,0.0,5,"The FBI investigated Jeff Sessions for possible perjury last year over congressional testimony. Andrew McCabe, the‚Ä¶ https://t.co/hy4AOWRmFZ"
0.0,Thu Mar 22 03:56:10 +0000 2018,@nytimes,0.0,1.0,0.0,5,Is Facebook too big to quit? Here are answers to some #DeleteFacebook questions: https://t.co/estrW2ZLwj
0.0,Thu Mar 22 03:42:01 +0000 2018,@nytimes,0.0,1.0,0.0,5,RT @NYTHealth: Some 400 to 500 women worldwide have an unusual type of lymphoma linked to breast implants with textured surfaces. Experts s‚Ä¶
-0.5267,Thu Mar 22 03:32:04 +0000 2018,@nytimes,0.167,0.833,0.0,5,Robotic fish could be essential to understanding and protecting marine life in danger of disappearing in a fragile‚Ä¶ https://t.co/gjSrHJjb38
0.3818,Thu Mar 22 03:17:04 +0000 2018,@nytimes,0.0,0.867,0.133,5,"Marjory Stoneman Douglas High School in Florida will require students to carry only clear backpacks, school adminis‚Ä¶ https://t.co/3ZqFS5IFmA"
0.6808,Thu Mar 22 03:02:04 +0000 2018,@nytimes,0.0,0.694,0.306,5,A Memphis megachurch pastor whose congregation applauded him after he admitted that he had engaged in a ‚Äúsexual inc‚Ä¶ https://t.co/hPKMAFilFy
0.5719,Thu Mar 22 02:46:02 +0000 2018,@nytimes,0.0,0.81,0.19,5,"RT @adamgoldmanNYT: Mr. Nader has been granted immunity in a deal for his cooperation with the special counsel, Robert S. Mueller III  http‚Ä¶"
0.4939,Thu Mar 22 02:32:05 +0000 2018,@nytimes,0.0,0.842,0.158,5,"With government funding set to run out this weekend, congressional leaders neared agreement on a voluminous $1.3 tr‚Ä¶ https://t.co/gWAHoX4B4R"
0.0,Thu Mar 22 02:17:03 +0000 2018,@nytimes,0.0,1.0,0.0,5,"Facebook chief executive Mark Zuckerberg spoke with our reporters about data privacy, Cambridge Analytica and the s‚Ä¶ https://t.co/qObSMS9j5k"
0.0,Thu Mar 22 02:02:04 +0000 2018,@nytimes,0.0,1.0,0.0,5,"At a time when women cyclists were viewed as improper, Lillias Campbell Davidson founded the first cycling organiza‚Ä¶ https://t.co/TZKeW93W23"
0.0,Thu Mar 22 01:47:03 +0000 2018,@nytimes,0.0,1.0,0.0,5,A red truck. Pink construction gloves. And then a taped confession. Here's how the manhunt for a serial bomber in A‚Ä¶ https://t.co/43YeaEecSr
0.0,Thu Mar 22 01:31:06 +0000 2018,@nytimes,0.0,1.0,0.0,5,RT @kevinroose: We talked with Mark Zuckerberg today. He said a lot. https://t.co/TzU9fGeQxR
0.0,Thu Mar 22 01:17:04 +0000 2018,@nytimes,0.0,1.0,0.0,5,"The hashtag #DeleteFacebook appeared more than 10,000 times on Twitter within a 2-hour period on Wednesday https://t.co/31vEcn8Ibn"
